address,chain,label,source,fetchedAt,confidence,evidence
T9yb6vP8o8PQJLNmcCkC9wfk73ULTCy2MB,TRON,high_risk,usdt_blacklist,2026-09-23T05:07:32.488Z,0.9,"{""eventCount"":1,""events"":[{""txHash"":""84caecac41da1bb63e8697d54a844bce3b6b3e8e47cb306df8456577a1e02085"",""blockNumber"":75959863,""blockTimestampMs"":1758539670000}]}"
T9yfDTx9adWW1rN6E4UVMUoCQBwzb6wxsc,TRON,high_risk,usdt_blacklist,2026-09-23T05:07:32.488Z,0.9,"{""eventCount"":1,""events"":[{""txHash"":""4bc2cc4610f04d10e79e06d54cacbb82d7699b4b1c0a9945db0d261c64bf6bb0"",""blockNumber"":75959862,""blockTimestampMs"":1758539667000}]}"
T9yM2hxoQjwPCddwMzwP8QtbhR2iaBtMhx,TRON,high_risk,usdt_blacklist,2026-09-23T05:07:32.488Z,0.9,"{""eventCount"":1,""events"":[{""txHash"":""2b95171dc2dbe46e7374c816087ebe6f0afc4ed471bfb13cbec20e81c8ae78fa"",""blockNumber"":73882809,""blockTimestampMs"":1752306693000}]}"
T9yWQZtQMmNdykQcpYvb9E9ptbZ6CSfxCo,TRON,high_risk,usdt_blacklist,2026-09-23T05:07:32.488Z,0.9,"{""eventCount"":1,""events"":[{""txHash"":""ceeecb89fabb2186fd3bd549d0695d8d741a1520079da1c921a7ce5afb24f528"",""blockNumber"":82650377,""blockTimestampMs"":1778619495000}]}"
T9zaYZ8ffcW9yah5NcuPAQeVUWEtywseE6,TRON,high_risk,usdt_blacklist,2026-09-23T05:07:32.488Z,0.9,"{""eventCount"":1,""events"":[{""txHash"":""6471f9df4b699e4e08d59e705b8bae2f48bed812a3673b65989fa94df14f5ed8"",""blockNumber"":73882623,""blockTimestampMs"":1752306135000}]}"
T9zZsb8UcVnt1f5VgA5uWCD5ijaQioXZmG,TRON,high_risk,usdt_blacklist,2026-09-23T05:07:32.488Z,0.9,"{""eventCount"":1,""events"":[{""txHash"":""4e922949cfe3088ca5aa6791be32756330dda0a7ad162517770740c69c89ebd3"",""blockNumber"":79853823,""blockTimestampMs"":1770225954000}]}"
TA1S6Bqo2vp8hKvm5Fi8HUf7erRfU8bLRM,TRON,high_risk,usdt_blacklist,2026-09-23T05:07:32.488Z,0.9,"{""eventCount"":1,""events"":[{""txHash"":""4e4beb777d99111f92ca472d0da2da78c1dd2b35caff5010649ccba413ffa4f1"",""blockNumber"":80377656,""blockTimestampMs"":1771798065000}]}"
TA1XH5cYApGKkdSuxuRDWzzkFD1fjJ3W6L,TRON,high_risk,usdt_blacklist,2026-09-23T05:07:32.488Z,0.9,"{""eventCount"":1,""events"":[{""txHash"":""cc9f33678104c1cea47c6ee2188543347d4336763f952a8bfa82a7c5e18487c2"",""blockNumber"":82161741,""blockTimestampMs"":1777153179000}]}"
TA1YBYVgHt2zqPrwz6LkoeWE5WwCZp1SN3,TRON,high_risk,usdt_blacklist,2026-09-23T05:07:32.488Z,0.9,"{""eventCount"":1,""events"":[{""txHash"":""5dc35e9f93fba04d66dc835af8ac7812adc7925444ab148ee93c8fa6d4f559d1"",""blockNumber"":82706779,""blockTimestampMs"":1778788749000}]}"
TA2MFscqcE8MjvxL24T2AvwHiGJi5Upj7v,TRON,high_risk,usdt_blacklist,2026-09-23T05:07:32.488Z,0.9,"{""eventCount"":1,""events"":[{""txHash"":""b5303df49370448d4d274da20f535cb09de97910c807ee3a09f2dc316392dcf1"",""blockNumber"":81441620,""blockTimestampMs"":1774992207000}]}"
TA34BjhtQpcM4dycYVa1ca1dAbiJvpBjxc,TRON,high_risk,usdt_blacklist,2026-09-23T05:07:32.488Z,0.9,"{""eventCount"":1,""events"":[{""txHash"":""6e6f9fbc4e280c87d6fc4de79b15636c89aa9a7a39dd3905c1d8713852740c77"",""blockNumber"":81494521,""blockTimestampMs"":1775150952000}]}"
TA35F3FjjnyU3sBTZLfqnNnCgLCLqXsLps,TRON,high_risk,usdt_blacklist,2026-09-23T05:07:32.488Z,0.9,"{""eventCount"":1,""events"":[{""txHash"":""8d04e56a566c67a8859950a2b75a0cd95bf81857d022af2b7e8a807db7f22ffb"",""blockNumber"":85873869,""blockTimestampMs"":1788293199000}]}"
TA39q3p75XRSWYAEaSF7dANtyksoa3sLge,TRON,high_risk,usdt_blacklist,2026-09-23T05:07:32.488Z,0.9,"{""eventCount"":1,""events"":[{""txHash"":""713fe39c5d578c1db8a754ce9d30e43ec41fabe19e02a833f943657df08a74e5"",""blockNumber"":77210376,""blockTimestampMs"":1762292286000}]}"
TA3gtSZUbixAKGe9zWLXnJyu1NCxBQqrFv,TRON,high_risk,usdt_blacklist,2026-09-23T05:07:32.488Z,0.9,"{""eventCount"":1,""events"":[{""txHash"":""54df6a8b59caba7ddf35a269fcca9321f08df4694d401d2e6efe1af11386721b"",""blockNumber"":84138864,""blockTimestampMs"":1783086408000}]}"
TA3kSSGrWsVtVkniFucnGRegMvY2E6LGx7,TRON,high_risk,usdt_blacklist,2026-09-23T05:07:32.488Z,0.9,"{""eventCount"":1,""events"":[{""txHash"":""5ec18469595092b2fd5bc26b8795bf2f80a346524e72842fa0408c4aaa006057"",""blockNumber"":78986844,""blockTimestampMs"":1767623553000}]}"
TA3qLUGJRHZQR2fmwdLYuPudvu6URY51Cu,TRON,high_risk,usdt_blacklist,2026-09-23T05:07:32.488Z,0.9,"{""eventCount"":1,""events"":[{""txHash"":""1ffd4153bc7551a8132827b2b1898eb4ae4ea62bf5a12a16fe01e8a198953bea"",""blockNumber"":73882813,""blockTimestampMs"":1752306705000}]}"
TA3rH2A7iHnm6pKH8gr9cK1EZnShnmZdFg,TRON,high_risk,ofac+usdt_blacklist,2026-09-23T05:07:32.488Z,1,"[{""source"":""usdt_blacklist"",""evidence"":{""eventCount"":1,""events"":[{""txHash"":""7402e081ebb59b03d24d28f9c84afd1f98171ebc2705fd55106933514a3867f1"",""blockNumber"":84074392,""blockTimestampMs"":1782892932000}]},""confidence"":0.9},{""source"":""ofac"",""evidence"":{""list"":""OFAC SDN digital-currency addresses"",""file"":""sanctioned_addresses_TRX.txt"",""repo"":""github.com/0xB10C/ofac-sanctioned-digital-currency-addresses""},""confidence"":1}]"
TA3tgBGWPLoScAoSNW5APiU6HMCi4SXYaP,TRON,high_risk,usdt_blacklist,2026-09-23T05:07:32.488Z,0.9,"{""eventCount"":1,""events"":[{""txHash"":""c5dffa99c73164865a12c6575236470df43e5d691c22dc2545eadfa4ed4807ef"",""blockNumber"":85184363,""blockTimestampMs"":1786224045000}]}"
TA44fn3gudHcm5Gc1USCPBFtasZVJYxUta,TRON,high_risk,usdt_blacklist,2026-09-23T05:07:32.488Z,0.9,"{""eventCount"":1,""events"":[{""txHash"":""2529e3e1498ec71a5bc6d2972f4ecd8ec28af9c2a9c507506991f8525b7c98df"",""blockNumber"":80941726,""blockTimestampMs"":1773492099000}]}"
TA5AeggA8oZdahEDLQbxCWbo8U2rZbNUSy,TRON,high_risk,usdt_blacklist,2026-09-23T05:07:32.488Z,0.9,"{""eventCount"":1,""events"":[{""txHash"":""ab73a4fade432c6e16f5fe57f7e4234686c09d3cb2609e0f48ec37687990e195"",""blockNumber"":81292112,""blockTimestampMs"":1774543557000}]}"
TA5bncURq5sJmtdprsLXe8yr2C9q3HMS6A,TRON,high_risk,usdt_blacklist,2026-09-23T05:07:32.488Z,0.9,"{""eventCount"":1,""events"":[{""txHash"":""690526b9fb160e6b89ad979154bbf8d5aeb0a034a55585f9f1eee7130efade64"",""blockNumber"":81180610,""blockTimestampMs"":1774208952000}]}"
TA5hrVymvwgXXRfp9miQKDZKJ11fWdk1fT,TRON,high_risk,usdt_blacklist,2026-09-23T05:07:32.488Z,0.9,"{""eventCount"":1,""events"":[{""txHash"":""b07443fd4e315dba23257a504c324d2b291c88135fb1ef2e4a72de0320df6337"",""blockNumber"":83331409,""blockTimestampMs"":1780663329000}]}"
TA5sJibqnAXWMG9JDtSVYE95NFHWNjEsyS,TRON,high_risk,usdt_blacklist,2026-09-23T05:07:32.488Z,0.9,"{""eventCount"":1,""events"":[{""txHash"":""d7c240f24ea2fb47a9836d738293250c85689c93254a4aeed4805ccae3bc6968"",""blockNumber"":81292220,""blockTimestampMs"":1774543881000}]}"
TA5xpK6poVZz22yTcCjWxKzheTxgxeji7D,TRON,high_risk,usdt_blacklist,2026-09-23T05:07:32.488Z,0.9,"{""eventCount"":1,""events"":[{""txHash"":""95b527fb5a41793d7166cda82034bfae65faac7a7296a5519c7cb307f3127e95"",""blockNumber"":73882481,""blockTimestampMs"":1752305709000}]}"
TA66398BCoMgq5S87xSoCvGY2P6rL7NAW6,TRON,high_risk,usdt_blacklist,2026-09-23T05:07:32.488Z,0.9,"{""eventCount"":1,""events"":[{""txHash"":""e6de9e5a448133d4d24a37b25935b47026703d6058732ee41a3a00b7cad97410"",""blockNumber"":84656714,""blockTimestampMs"":1784640588000}]}"
TA6C3DFozR1j9PXVYo4LAkMw1BWuKfctxs,TRON,high_risk,usdt_blacklist,2026-09-23T05:07:32.488Z,0.9,"{""eventCount"":1,""events"":[{""txHash"":""ce3f509c5e72187f2570020a1d45f77599812c5862b6edbf96662bcbc831a9f6"",""blockNumber"":81494637,""blockTimestampMs"":1775151300000}]}"
TA6pjktVyqfSTfgYdFSTKHkXsBquxLesCC,TRON,high_risk,usdt_blacklist,2026-09-23T05:07:32.488Z,0.9,"{""eventCount"":1,""events"":[{""txHash"":""1196052618e66f942a9bc4ad913a71cd1aac5a452a805ea289b9e4ef6e28878e"",""blockNumber"":81637441,""blockTimestampMs"":1775579838000}]}"
TA7SH78vyXY8Bs95vqLSddNoZ9Y1tjsq2p,TRON,high_risk,usdt_blacklist,2026-09-23T05:07:32.488Z,0.9,"{""eventCount"":1,""events"":[{""txHash"":""ff49dc7e679441c488bf40c89a8d49a92bdfab2594100d89061785f058ad2eae"",""blockNumber"":73882846,""blockTimestampMs"":1752306804000}]}"
TA82wQ77kb9DieW4C8q7C4KwMfnCzfziqN,TRON,high_risk,ofac+usdt_blacklist,2026-09-23T05:07:32.488Z,1,"[{""source"":""usdt_blacklist"",""evidence"":{""eventCount"":1,""events"":[{""txHash"":""5633bbe6187597f901bd322349e87f9e11bb2f1e9b8455d14be36fa08c8ee3f6"",""blockNumber"":84075514,""blockTimestampMs"":1782896298000}]},""confidence"":0.9},{""source"":""ofac"",""evidence"":{""list"":""OFAC SDN digital-currency addresses"",""file"":""sanctioned_addresses_TRX.txt"",""repo"":""github.com/0xB10C/ofac-sanctioned-digital-currency-addresses""},""confidence"":1}]"
TA8JcLMf7xEmyEvH4EbnYnydeHM2X9Judc,TRON,high_risk,usdt_blacklist,2026-09-23T05:07:32.488Z,0.9,"{""eventCount"":1,""events"":[{""txHash"":""34051b8556e919806025ba001b8f4a48c530c4bf4c7b23a4c52cec5148169933"",""blockNumber"":73882616,""blockTimestampMs"":1752306114000}]}"
TA8nxHhnpSR42efdnPcC8jdfqESMwMPwey,TRON,high_risk,usdt_blacklist,2026-09-23T05:07:32.488Z,0.9,"{""eventCount"":1,""events"":[{""txHash"":""e6d8e593ce9fc8e2bac567e754867f3e3c37c0291a1d5b82aa4b089ca2407ec5"",""blockNumber"":82098009,""blockTimestampMs"":1776961929000}]}"
TA8sx38tzUabgchsDDNWRyNGDahMwHu4jM,TRON,high_risk,usdt_blacklist,2026-09-23T05:07:32.488Z,0.9,"{""eventCount"":1,""events"":[{""txHash"":""58b01aa57c8ffc0dc7d07137c6a4ad2ecf410c2708e1ce5546b81597e41a92d3"",""blockNumber"":83831138,""blockTimestampMs"":1782162936000}]}"
TA8YbbRcouwQTDNfzY3j3a6Dvz2YKQLdMw,TRON,high_risk,usdt_blacklist,2026-09-23T05:07:32.488Z,0.9,"{""eventCount"":1,""events"":[{""txHash"":""17576f7e2e4b5f058118c1a4644ae1992a27b376a755d569361af0aa273da8f9"",""blockNumber"":79720636,""blockTimestampMs"":1769826279000}]}"
TA92gaSqHukCM3Tvtw5mp6YTrcJrhRfF34,TRON,high_risk,usdt_blacklist,2026-09-23T05:07:32.488Z,0.9,"{""eventCount"":1,""events"":[{""txHash"":""d1d50e3a959c5d2f3157478a82e7a844a8fb8906404aba02a906873a2b182be7"",""blockNumber"":85873855,""blockTimestampMs"":1788293157000}]}"
TA9bzHfbiXmZQCJ9ZzNa7vFAXy74yXzTsV,TRON,high_risk,usdt_blacklist,2026-09-23T05:07:32.488Z,0.9,"{""eventCount"":1,""events"":[{""txHash"":""7484d89e1dca094bb4213f501d69d9f04762c3172a3fc0425d985a01fed2ad6b"",""blockNumber"":74052960,""blockTimestampMs"":1752817284000}]}"
TA9rtgcNQeQjJjyMSL1CqNhA3Kr5wF41oA,TRON,high_risk,usdt_blacklist,2026-09-23T05:07:32.488Z,0.9,"{""eventCount"":1,""events"":[{""txHash"":""69fed84a6c3119f739430dd27082a6abf64e47ba564b0d35ac6fd108c8f116f6"",""blockNumber"":73882878,""blockTimestampMs"":1752306900000}]}"
TA9YAELcHEraVKfCqqCxHN33BQTSmPQku9,TRON,high_risk,usdt_blacklist,2026-09-23T05:07:32.488Z,0.9,"{""eventCount"":1,""events"":[{""txHash"":""a8e36bd8b47a4f33520e98be0d80fc4e98cec61e95d9241e0124a02135bdd51b"",""blockNumber"":74958410,""blockTimestampMs"":1755534390000}]}"
TAA4emyuedcdLpHDYpyTmmQQ3CSwXHaUnD,TRON,high_risk,usdt_blacklist,2026-09-23T05:07:32.488Z,0.9,"{""eventCount"":1,""events"":[{""txHash"":""04004372fb891598d8280471f383d7dc25dd4181f6aa34da81924a009ad4dcaf"",""blockNumber"":73882457,""blockTimestampMs"":1752305637000}]}"
TAacjBmYztic9x9wCw9GkA39JR48CM7DVW,TRON,high_risk,usdt_blacklist,2026-09-23T05:07:32.488Z,0.9,"{""eventCount"":1,""events"":[{""txHash"":""0f2e9fe77f15bf2214bcb6cbaad43fa465d389057c29079f87861f3d1cefac34"",""blockNumber"":83218655,""blockTimestampMs"":1780324815000}]}"
TAAcSiQkKF1F3Jj9oxMCqojyihjBXajFGV,TRON,high_risk,usdt_blacklist,2026-09-23T05:07:32.488Z,0.9,"{""eventCount"":1,""events"":[{""txHash"":""2de6d18982aae2f306a9b93c07b537d3d61a281e65913f7a31c8d7871f9463ad"",""blockNumber"":82411924,""blockTimestampMs"":1777903938000}]}"
TAad1BY7oUjMNepYVmThHEfCswbpDYAtFz,TRON,high_risk,usdt_blacklist,2026-09-23T05:07:32.488Z,0.9,"{""eventCount"":1,""events"":[{""txHash"":""ac21763cf9f4ffa765e30e4a5fb09574edf09d0af29a10963245d692bfcfe767"",""blockNumber"":84772643,""blockTimestampMs"":1784988492000}]}"
TAAGxCVEEAyh4a9Ayg4rCHiYvzx656ZJ2x,TRON,high_risk,usdt_blacklist,2026-09-23T05:07:32.488Z,0.9,"{""eventCount"":1,""events"":[{""txHash"":""e216b684a405bd4c3d12d2ea964bfb4ca5d63663125ef2d08b9800d3aca2e591"",""blockNumber"":79455902,""blockTimestampMs"":1769031585000}]}"
TAaHctAwDrkhGiLypATqNWbKuT9fuSoN1v,TRON,high_risk,usdt_blacklist,2026-09-23T05:07:32.488Z,0.9,"{""eventCount"":1,""events"":[{""txHash"":""a1561408fc78226cc14c64240a427f2543301365b7ca3815e5d4195edc675383"",""blockNumber"":81292112,""blockTimestampMs"":1774543557000}]}"
TAaLTdp28SoKYsomDUBaj1HzWYM3x54zeT,TRON,high_risk,usdt_blacklist,2026-09-23T05:07:32.488Z,0.9,"{""eventCount"":1,""events"":[{""txHash"":""b18162916808a6435a653c75618941f571636f308b7fd1d27ccc4660aa1a7f8b"",""blockNumber"":81856543,""blockTimestampMs"":1776237330000}]}"
TAAnvUJHMni4xJxpznhTcAfxEVemRJ3ycP,TRON,high_risk,usdt_blacklist,2026-09-23T05:07:32.488Z,0.9,"{""eventCount"":1,""events"":[{""txHash"":""e99694152dc2a9dfefe55c4184f35cfd963fdd2f5d4ca149bd6579f43f8726ec"",""blockNumber"":83685993,""blockTimestampMs"":1781727375000}]}"
TAArQU5KVohMmbssTr9C76AUhnYebmeXeu,TRON,high_risk,usdt_blacklist,2026-09-23T05:07:32.488Z,0.9,"{""eventCount"":1,""events"":[{""txHash"":""bd3c25e384cab64ca632722e92f630fcbb39bb377604aaf2bdf4a542a5e5bd7a"",""blockNumber"":85894991,""blockTimestampMs"":1788356583000}]}"
TAaVhcK1dKVT1N5kH221YKvLAynQ9V8hKm,TRON,high_risk,usdt_blacklist,2026-09-23T05:07:32.488Z,0.9,"{""eventCount"":1,""events"":[{""txHash"":""6f0a6d59402b4ca8d3e9f90533b21a1c540c8c66d9ed805e089b4524e7a5adf3"",""blockNumber"":81270071,""blockTimestampMs"":1774477416000}]}"
TAazgTGEASzsBooKPc4yCXs7ibfp8bJj11,TRON,high_risk,usdt_blacklist,2026-09-23T05:07:32.488Z,0.9,"{""eventCount"":1,""events"":[{""txHash"":""b8f34faf82707af66d2d9fd26b6da20465dec63a401c0af147eb473b3d3665dc"",""blockNumber"":77499427,""blockTimestampMs"":1763159688000}]}"
TAB8nHz2k1K2knV3L22XFNrFvK2yYEnafL,TRON,high_risk,usdt_blacklist,2026-09-23T05:07:32.488Z,0.9,"{""eventCount"":1,""events"":[{""txHash"":""475b574b1d90d51eec6631a7354d923342ca43538d91c5b68949be9044dad463"",""blockNumber"":74122210,""blockTimestampMs"":1753025094000}]}"
TAb95HS7CfyEGGQ5CZK6eNDFqL9d4bqjg3,TRON,high_risk,usdt_blacklist,2026-09-23T05:07:32.488Z,0.9,"{""eventCount"":1,""events"":[{""txHash"":""ee518bbc178d978b354d681691729ff9234cfb1ac271f665e5b69f9549ff660d"",""blockNumber"":74673697,""blockTimestampMs"":1754680017000}]}"
TAbbVaBKgH4VBLXgWqACuwoKF4cH1HinQh,TRON,high_risk,ofac+usdt_blacklist,2026-09-23T05:07:32.488Z,1,"[{""source"":""usdt_blacklist"",""evidence"":{""eventCount"":1,""events"":[{""txHash"":""64f491b43e761300edb7947a223bd11794d049ca8017b989b8a262583ce94213"",""blockNumber"":85644275,""blockTimestampMs"":1787604195000}]},""confidence"":0.9},{""source"":""ofac"",""evidence"":{""list"":""OFAC SDN digital-currency addresses"",""file"":""sanctioned_addresses_TRX.txt"",""repo"":""github.com/0xB10C/ofac-sanctioned-digital-currency-addresses""},""confidence"":1}]"
TABDKwnptm7oViPvssy6xMidsKHzsTgD11,TRON,high_risk,usdt_blacklist,2026-09-23T05:07:32.488Z,0.9,"{""eventCount"":1,""events"":[{""txHash"":""7de215a91ec60ae9ece6c491d2267187c099dd6f7bf839c75ea2645a6ccb7bdd"",""blockNumber"":81117342,""blockTimestampMs"":1774019094000}]}"
TABe6Xopf2dfd4W4W6P1WturN8ZNDNCZdE,TRON,high_risk,usdt_blacklist,2026-09-23T05:07:32.488Z,0.9,"{""eventCount"":1,""events"":[{""txHash"":""9c6386d2f18472375cf3947be2a9ea7cbd1db1f2f7a135bd298a6dbbf7a3e0bd"",""blockNumber"":78637745,""blockTimestampMs"":1766575962000}]}"
TABHNRVMCqVm84Etp4YVEFKAfFR9FScCwe,TRON,high_risk,usdt_blacklist,2026-09-23T05:07:32.488Z,0.9,"{""eventCount"":1,""events"":[{""txHash"":""2f77572862f484e6f197943700e8c1e8fa0e1d78e936d8bdb1aaf92d0265c931"",""blockNumber"":83484980,""blockTimestampMs"":1781124168000}]}"
TAbKvjiZrHNR1URReBcNygAwNAThvSZCk5,TRON,high_risk,usdt_blacklist,2026-09-23T05:07:32.488Z,0.9,"{""eventCount"":2,""events"":[{""txHash"":""16749770bad1a9ec75f6e0796a8fdf6a231c04836df263c8670890048810ab32"",""blockNumber"":83308698,""blockTimestampMs"":1780595172000},{""txHash"":""2cf9917194bf2bf75820429dd318e8e94af234eda0420d03dbba64eb0c3cc964"",""blockNumber"":81494523,""blockTimestampMs"":1775150958000}]}"
TABMfX7VkH7CeswpuKxN5THir8RKkH9JjD,TRON,high_risk,usdt_blacklist,2026-09-23T05:07:32.488Z,0.9,"{""eventCount"":1,""events"":[{""txHash"":""c8aa7ae29c9b2b0c696f84d572d325f623df516f066cf1f1a83a277e4ff4ecad"",""blockNumber"":79132979,""blockTimestampMs"":1768062078000}]}"
TAbT2afxbYXejeytJEXMctuv4zkLjm7EZm,TRON,high_risk,usdt_blacklist,2026-09-23T05:07:32.488Z,0.9,"{""eventCount"":1,""events"":[{""txHash"":""56f3364c04fbb8dbcd3f7db68c7ae89edb8fbd11dd70187faca129f5ddee965f"",""blockNumber"":73882873,""blockTimestampMs"":1752306885000}]}"
TAbx4oS98XkcUof9jaB9UUci2YA9bt4Mr5,TRON,high_risk,usdt_blacklist,2026-09-23T05:07:32.488Z,0.9,"{""eventCount"":1,""events"":[{""txHash"":""7dea09afaea1d8f950b7cf9974ad1f965d1618ff8a5cac27a1f67ad7603c2688"",""blockNumber"":73882601,""blockTimestampMs"":1752306069000}]}"
TAbYwDjQk4RvRWKWW8RJP8LPRoqP6KcWpc,TRON,high_risk,usdt_blacklist,2026-09-23T05:07:32.488Z,0.9,"{""eventCount"":1,""events"":[{""txHash"":""69484ab100ce265f8a355b7f35940740103e4b89bcf8f012d854b251b9212132"",""blockNumber"":75563864,""blockTimestampMs"":1757351262000}]}"
TAc41AdtSTrQpRVWXsxF7HVhcxuD1gMAFQ,TRON,high_risk,usdt_blacklist,2026-09-23T05:07:32.488Z,0.9,"{""eventCount"":1,""events"":[{""txHash"":""8aecc1ed6f7fb8abc5a86587deb4ed6ef5843df568f94dd17cc53d1548e64b8a"",""blockNumber"":77418531,""blockTimestampMs"":1762916931000}]}"
TAcACUefMW5AZCyjAqV2si6AZftwVb38WC,TRON,high_risk,usdt_blacklist,2026-09-23T05:07:32.488Z,0.9,"{""eventCount"":1,""events"":[{""txHash"":""1d4414b92fd2070859e8c4ddded0100cfbeded402588dd859d5ab07d9b55b5f5"",""blockNumber"":73882669,""blockTimestampMs"":1752306273000}]}"
TAcB9P9pWUkRFsA3HLvh7CqQxTWEVZgbsV,TRON,high_risk,usdt_blacklist,2026-09-23T05:07:32.488Z,0.9,"{""eventCount"":1,""events"":[{""txHash"":""221fe85b30eb67cf750ada796844e98c13c89d4c8cf91335df1e9ffe21fda173"",""blockNumber"":82317913,""blockTimestampMs"":1777621827000}]}"
TACbiuAiZYeKUreEQJjmMise5KgiBpkKBc,TRON,high_risk,usdt_blacklist,2026-09-23T05:07:32.488Z,0.9,"{""eventCount"":1,""events"":[{""txHash"":""95397acb272bb475abc8548f11ab7c235f3cf554eac705e0104bc3a6860977ca"",""blockNumber"":84138829,""blockTimestampMs"":1783086303000}]}"
TAcdBZTAn5nfqWQc3fE6wN9EDkBJD5fs37,TRON,high_risk,usdt_blacklist,2026-09-23T05:07:32.488Z,0.9,"{""eventCount"":1,""events"":[{""txHash"":""b3a28d8a06380599eab0b2a0d541b6b4f87f69e73ebf2bccafa614798d43a10d"",""blockNumber"":77843206,""blockTimestampMs"":1764191343000}]}"
TACDfnF9H8rnLhCKto4x4y5SkPHxeEhHZW,TRON,high_risk,usdt_blacklist,2026-09-23T05:07:32.488Z,0.9,"{""eventCount"":1,""events"":[{""txHash"":""4f9026b0780fcffaa3241f52726d67ab3e1dc2cd66120eb8625ae3cccdd372af"",""blockNumber"":84745172,""blockTimestampMs"":1784906055000}]}"
TACMY3DirsYFFKgoVJzWdzV5LwsJEqZJZy,TRON,high_risk,usdt_blacklist,2026-09-23T05:07:32.488Z,0.9,"{""eventCount"":1,""events"":[{""txHash"":""d3b56ca9ed74e5689147e7ad15382c053eba6006270365d56cf3940ad7bcdabf"",""blockNumber"":85865608,""blockTimestampMs"":1788268401000}]}"
TACoQZTypD99VdwBCMb9wdp9pr54BFBbb1,TRON,high_risk,usdt_blacklist,2026-09-23T05:07:32.488Z,0.9,"{""eventCount"":1,""events"":[{""txHash"":""6e06814f3d614c63ac0072ab8bf1bb582ee825cf62c0def182e9053e2d0fc792"",""blockNumber"":84512673,""blockTimestampMs"":1784208294000}]}"
TACQ65fHEWv8BAZxDmjpzyfvXmtYjgDwUc,TRON,high_risk,usdt_blacklist,2026-09-23T05:07:32.488Z,0.9,"{""eventCount"":1,""events"":[{""txHash"":""474577bb617d0aa10a6a03c8474c90613d5b607ac6231e8a42fea7bc1fece273"",""blockNumber"":86305616,""blockTimestampMs"":1789589019000}]}"
TAd659z85PL5kfhBbQmA9E5mg9xc1jN5mM,TRON,high_risk,usdt_blacklist,2026-09-23T05:07:32.488Z,0.9,"{""eventCount"":1,""events"":[{""txHash"":""2e09e7b73728e96cc27bf8f55d25ac8103f7b5ff46ceb95594d2d6cce717a051"",""blockNumber"":81441097,""blockTimestampMs"":1774990638000}]}"
TAD9LGXkLapq16U1JkjhLu34jDEQ8DgVuS,TRON,high_risk,usdt_blacklist,2026-09-23T05:07:32.488Z,0.9,"{""eventCount"":1,""events"":[{""txHash"":""b03e3cf406ad3041c675e8bcd6d3fe5f1188736e8a46ef7bf84cbbcd9da7fb18"",""blockNumber"":81270590,""blockTimestampMs"":1774478973000}]}"
TADAZ8mLdhLgxuoa75Lrps6zpFmng23smM,TRON,high_risk,usdt_blacklist,2026-09-23T05:07:32.488Z,0.9,"{""eventCount"":1,""events"":[{""txHash"":""cb4e20a942c2cc4ab63e867c577ad6f47be7d06573ec239d38e955c7bf071a11"",""blockNumber"":81270071,""blockTimestampMs"":1774477416000}]}"
TADcqmSghLHVJZcYvDsevwE6nxepRZJyzL,TRON,high_risk,usdt_blacklist,2026-09-23T05:07:32.488Z,0.9,"{""eventCount"":1,""events"":[{""txHash"":""8e01e8b4f471940105e670fed31e1cd346e02c81a26d420d857a226b9d3a3184"",""blockNumber"":85718881,""blockTimestampMs"":1787828094000}]}"
TADF44dsZL59wnCxKkzmXGUaaL5xAhHDYk,TRON,high_risk,usdt_blacklist,2026-09-23T05:07:32.488Z,0.9,"{""eventCount"":1,""events"":[{""txHash"":""2e681add823064e22d50b0b42e2e03637caa7e5820160c50864492c0349e2c4f"",""blockNumber"":82074289,""blockTimestampMs"":1776890751000}]}"
TADfHpnFg7H3oPoMGvhN2qYVkt6aNgDVDt,TRON,high_risk,usdt_blacklist,2026-09-23T05:07:32.488Z,0.9,"{""eventCount"":1,""events"":[{""txHash"":""6fac3ea273578ea11cc1769cadb61a4cb83e09e612f0018b90341304abed0d95"",""blockNumber"":73882482,""blockTimestampMs"":1752305712000}]}"
TADKBoNPRtviD6hx8YZ97j3pDLSSaX6Gc6,TRON,high_risk,usdt_blacklist,2026-09-23T05:07:32.488Z,0.9,"{""eventCount"":1,""events"":[{""txHash"":""173f18a943c187b177103c64de94800a9e24025d4a4b17418024deb9e359da04"",""blockNumber"":79140749,""blockTimestampMs"":1768085394000}]}"
TAdsVZRSAMEJvSyXde3P8pVuUW1H8hs24D,TRON,high_risk,usdt_blacklist,2026-09-23T05:07:32.488Z,0.9,"{""eventCount"":1,""events"":[{""txHash"":""8181f35ffbaf2c5a602001de11d62fb960e3511cfdee6be0343d6ca6f062db7b"",""blockNumber"":81867016,""blockTimestampMs"":1776268755000}]}"
TADSwVJWzqmiJVWxCa5G5SVo5PLifwMaKF,TRON,high_risk,usdt_blacklist,2026-09-23T05:07:32.488Z,0.9,"{""eventCount"":1,""events"":[{""txHash"":""6407c4334a16b09be649cb81c765efbca21af54fe713f8364cc9ab4fd48242ad"",""blockNumber"":84695971,""blockTimestampMs"":1784758410000}]}"
TAdu9WqNdSFeoTkhSem2rwUXvZP6rtwP25,TRON,high_risk,usdt_blacklist,2026-09-23T05:07:32.488Z,0.9,"{""eventCount"":1,""events"":[{""txHash"":""1a1f6f1866e920f4071b6182a9f833391494ee38120727fb1585d62ffa20b208"",""blockNumber"":79140749,""blockTimestampMs"":1768085394000}]}"
TAdwceadh1rt7wXNwVKRm2urAvTkEwyte7,TRON,high_risk,usdt_blacklist,2026-09-23T05:07:32.488Z,0.9,"{""eventCount"":1,""events"":[{""txHash"":""f1e39a7e0985c61b59e371d43dd6c44eab39c31289571c6cca9a59fab15d7b30"",""blockNumber"":81441491,""blockTimestampMs"":1774991820000}]}"
TADZRoKL1phdaa7bPdsiCrUoHChJtwSptq,TRON,high_risk,usdt_blacklist,2026-09-23T05:07:32.488Z,0.9,"{""eventCount"":1,""events"":[{""txHash"":""9840905ca6d0ba5b8ab4eb124b6aac4afc5b68d9c7779ab8c5b25d44f9acdf68"",""blockNumber"":86098708,""blockTimestampMs"":1788968100000}]}"
TAEAgm4YsAb5spzNLyGqA3MjwpbQijKLbp,TRON,high_risk,usdt_blacklist,2026-09-23T05:07:32.488Z,0.9,"{""eventCount"":1,""events"":[{""txHash"":""7464f1f5eefc0b2f9489f7efa14108dbd22574e8cbb70f89dd960ced52f93f2a"",""blockNumber"":74841375,""blockTimestampMs"":1755183189000}]}"
TAeEHimAXuU7C3Waov9PNt1gcRTDQ61CAv,TRON,high_risk,usdt_blacklist,2026-09-23T05:07:32.488Z,0.9,"{""eventCount"":1,""events"":[{""txHash"":""d723bdb15fdae2da885dd9810c7d38c51065c59b14da67ec852271cfed8e0d8c"",""blockNumber"":82009989,""blockTimestampMs"":1776697797000}]}"
TAEFwcT1FckZMAu9PzSqcZbUxYuMNXyQmD,TRON,high_risk,usdt_blacklist,2026-09-23T05:07:32.488Z,0.9,"{""eventCount"":1,""events"":[{""txHash"":""6fd707c84293f251130599227cd41fef99b7e32cd13613bb8654858ffb48efcc"",""blockNumber"":74064856,""blockTimestampMs"":1752852984000}]}"
TAEJCDZ7XKBAVE93edtiHLo5MQqGJncr5E,TRON,high_risk,usdt_blacklist,2026-09-23T05:07:32.488Z,0.9,"{""eventCount"":1,""events"":[{""txHash"":""68bfbdd1006c435f1fc41bef286a52c4da61d5b1866c8800fdf89025e611d145"",""blockNumber"":75650354,""blockTimestampMs"":1757610804000}]}"
TAEKKjTXhKYjewhdsxyk6T8oev8A6PriBu,TRON,high_risk,usdt_blacklist,2026-09-23T05:07:32.488Z,0.9,"{""eventCount"":1,""events"":[{""txHash"":""d81bf50150cc95dbcd94b9a66b824e30a6a6ee905cbbdf47030feee144647ee0"",""blockNumber"":75959857,""blockTimestampMs"":1758539652000}]}"
TAEoh2tp3uCJ3PNv8ReYH2qEgMqdHghaeK,TRON,high_risk,usdt_blacklist,2026-09-23T05:07:32.488Z,0.9,"{""eventCount"":1,""events"":[{""txHash"":""26272dc76c6fb390b6dfb870735daa41e0266050c830ee1230e12b0b38cb33ac"",""blockNumber"":80688706,""blockTimestampMs"":1772732808000}]}"
TAExbXZnRfqpsXJANXHFnGrGWysqmjEZsB,TRON,high_risk,usdt_blacklist,2026-09-23T05:07:32.488Z,0.9,"{""eventCount"":1,""events"":[{""txHash"":""1cfa67e29f4d9355b8e9a40ac388a02c42afbaec1a428dd52133d72a0ede6818"",""blockNumber"":81270074,""blockTimestampMs"":1774477425000}]}"
TAeXYFE67PCpfLNEDu78NR3kuZLPBMwPcB,TRON,high_risk,usdt_blacklist,2026-09-23T05:07:32.488Z,0.9,"{""eventCount"":1,""events"":[{""txHash"":""c2b9446d0d20eb0bbddab3c422ff8c5174a4fffb2296bc15bc294c2db59ceee8"",""blockNumber"":73882704,""blockTimestampMs"":1752306378000}]}"
TAey8x3F62R34hJfeYLDhXm3cbE1ehwEkw,TRON,high_risk,usdt_blacklist,2026-09-23T05:07:32.488Z,0.9,"{""eventCount"":1,""events"":[{""txHash"":""3904d2fdf01a000eda165e46f5faf6900d331d64abf42e659d00760882869f22"",""blockNumber"":77238142,""blockTimestampMs"":1762375608000}]}"
TAEZXb921aw2EuQPCPLG7vvLiA6zLxD2jy,TRON,high_risk,usdt_blacklist,2026-09-23T05:07:32.488Z,0.9,"{""eventCount"":1,""events"":[{""txHash"":""3e46c4762a1a366a574899fc60e5fc1ca75362be0b6fe88afa1f9bf3df6c4e54"",""blockNumber"":74378647,""blockTimestampMs"":1753794621000}]}"
TAFeEyXppVWKF5rYtdevpntuW5UCSpADup,TRON,high_risk,usdt_blacklist,2026-09-23T05:07:32.488Z,0.9,"{""eventCount"":1,""events"":[{""txHash"":""78a8882f938772ca66a5b2dd5a59e0e33824a3b11eff6439cb021692596e6080"",""blockNumber"":73882676,""blockTimestampMs"":1752306294000}]}"
TAfGsxeQz9PQJ2wEgj7oR3cuiL3zCLqtWz,TRON,high_risk,usdt_blacklist,2026-09-23T05:07:32.488Z,0.9,"{""eventCount"":1,""events"":[{""txHash"":""aca6be73b1bea3d5fa796f4140eee6c011821fcb0b5affb7a965f50dbae2b58f"",""blockNumber"":76661957,""blockTimestampMs"":1760646561000}]}"
TAfhQgfJgUfPEf3BuPPD4qkE8KjijwxLix,TRON,high_risk,usdt_blacklist,2026-09-23T05:07:32.488Z,0.9,"{""eventCount"":1,""events"":[{""txHash"":""c316f6d317496e4428693520e995b137a637490dc19c82cdb7a383a0639eb0c6"",""blockNumber"":81441098,""blockTimestampMs"":1774990641000}]}"
TAfJNU8d2eBXpwZd38S3jV6pBPuRgUJgad,TRON,high_risk,usdt_blacklist,2026-09-23T05:07:32.488Z,0.9,"{""eventCount"":1,""events"":[{""txHash"":""1b3b90a4d41eaed794df15b32e9dc0000739c852db9aff0b2a1072c6eeead83a"",""blockNumber"":81441096,""blockTimestampMs"":1774990635000}]}"
TAfq6DEfwb91KHxKmf8im6pWhgFP59FJPo,TRON,high_risk,usdt_blacklist,2026-09-23T05:07:32.488Z,0.9,"{""eventCount"":1,""events"":[{""txHash"":""1ea57a06273d07698ac03d36cb62564e293c4f909c5f39c85f98011ff0e55847"",""blockNumber"":75959835,""blockTimestampMs"":1758539586000}]}"
TAfySMiuJkDAsfgDWK81r2iGRigWnJsEx3,TRON,high_risk,usdt_blacklist,2026-09-23T05:07:32.488Z,0.9,"{""eventCount"":1,""events"":[{""txHash"":""bc2fae150973413d056f891b1480b5d430ce4d29536123037b041e79d76c5777"",""blockNumber"":83685994,""blockTimestampMs"":1781727378000}]}"
TAG18cZpHXRKmCBaMUyxKnHjMEWnci3DTU,TRON,high_risk,usdt_blacklist,2026-09-23T05:07:32.488Z,0.9,"{""eventCount"":1,""events"":[{""txHash"":""4f8b017bbab4d2e77a8b160bffa0182a88075ec19aa5b50604d1319decd9dcb6"",""blockNumber"":86328474,""blockTimestampMs"":1789657611000}]}"
TAg9upvZrWyf9XAiHAdYbae9utWisBWNFi,TRON,high_risk,usdt_blacklist,2026-09-23T05:07:32.488Z,0.9,"{""eventCount"":1,""events"":[{""txHash"":""c35ba2a1573a224e6e8a6195348372ee5489ea04a501a4c62bb8c0d243381a13"",""blockNumber"":80291484,""blockTimestampMs"":1771539477000}]}"
TAGjwGdZJ2UGHMjXyQeowFSEa1BKFCRnsE,TRON,high_risk,usdt_blacklist,2026-09-23T05:07:32.488Z,0.9,"{""eventCount"":1,""events"":[{""txHash"":""2f7162bef360bd6edc04075fe0d80b8e8936b9d9c531c7b6b746d732faae1daa"",""blockNumber"":83513776,""blockTimestampMs"":1781210580000}]}"
TAgNMrPoPf6fGAyiwk4fUAJbfAeqzyYs4W,TRON,high_risk,usdt_blacklist,2026-09-23T05:07:32.488Z,0.9,"{""eventCount"":1,""events"":[{""txHash"":""4d97c2a98a49ccf1f5c4f6302f5a0b94d985aaffe958c3accdc0d2f99847aa3c"",""blockNumber"":81494716,""blockTimestampMs"":1775151537000}]}"
TAGNsUpfVoUXFL8HDUkcDG7eqjx6FMpJyN,TRON,high_risk,usdt_blacklist,2026-09-23T05:07:32.488Z,0.9,"{""eventCount"":1,""events"":[{""txHash"":""74c414e61d567b8ac3a15c6c6865f1ebae1e9bf958fec2b99c40e48a14ce2668"",""blockNumber"":86482500,""blockTimestampMs"":1790119815000}]}"
TAgZxxuvfuKYJY5UPC1DXF8NPHbKtTzEGu,TRON,high_risk,ofac+usdt_blacklist,2026-09-23T05:07:32.488Z,1,"[{""source"":""usdt_blacklist"",""evidence"":{""eventCount"":1,""events"":[{""txHash"":""eded6cda72b0c01e72fcfc06b3f504448479f1722ff450b87d5b69f17815f660"",""blockNumber"":84075514,""blockTimestampMs"":1782896298000}]},""confidence"":0.9},{""source"":""ofac"",""evidence"":{""list"":""OFAC SDN digital-currency addresses"",""file"":""sanctioned_addresses_TRX.txt"",""repo"":""github.com/0xB10C/ofac-sanctioned-digital-currency-addresses""},""confidence"":1}]"
TAHBSiKtiQzqTqxxTii1ieaiRcydyWRxuF,TRON,high_risk,usdt_blacklist,2026-09-23T05:07:32.488Z,0.9,"{""eventCount"":1,""events"":[{""txHash"":""2bc174e5e0edb8b938f206dce7f614df9d606bc40fc6e8af0444e1ece281360c"",""blockNumber"":82821108,""blockTimestampMs"":1779131844000}]}"
TAHGiZdED4CD5nYCmq35CHD4y8vLcFse3f,TRON,high_risk,usdt_blacklist,2026-09-23T05:07:32.488Z,0.9,"{""eventCount"":1,""events"":[{""txHash"":""0b10485935c1932a8cf8370ea42eca8b9b020f318393b8ec6abb494d3a3a1c4c"",""blockNumber"":73985186,""blockTimestampMs"":1752613908000}]}"
TAhHpxPRwo1Bmm1A9m51uZ31tcB7EPq7SY,TRON,high_risk,ofac+usdt_blacklist,2026-09-23T05:07:32.488Z,1,"[{""source"":""usdt_blacklist"",""evidence"":{""eventCount"":1,""events"":[{""txHash"":""597ee50c8c07bd25d4939d34d9e2454fd950cef7959bbe4c8e53e02aa4054320"",""blockNumber"":84724163,""blockTimestampMs"":1784843010000}]},""confidence"":0.9},{""source"":""ofac"",""evidence"":{""list"":""OFAC SDN digital-currency addresses"",""file"":""sanctioned_addresses_TRX.txt"",""repo"":""github.com/0xB10C/ofac-sanctioned-digital-currency-addresses""},""confidence"":1}]"
TAHn7Aqs8sxU6QU9MpQszomdjARKYq6t6Y,TRON,high_risk,usdt_blacklist,2026-09-23T05:07:32.488Z,0.9,"{""eventCount"":1,""events"":[{""txHash"":""5fd558642879d6de40a3ae9389c2162d621cc6180451e26ee97fc0d5676b9b98"",""blockNumber"":83468607,""blockTimestampMs"":1781075037000}]}"
TAHrWBz7vhmGfVAosx4honp7sT9WNw59z2,TRON,high_risk,usdt_blacklist,2026-09-23T05:07:32.488Z,0.9,"{""eventCount"":1,""events"":[{""txHash"":""9bd593aa3ca76df8c7df828e47b0dd7b646bf2fd9b4af34f8746b032f89092bc"",""blockNumber"":73882483,""blockTimestampMs"":1752305715000}]}"
TAhwhFv3JpK39Nc2m8W5LPCcoTisutiRfp,TRON,high_risk,ofac+usdt_blacklist,2026-09-23T05:07:32.488Z,1,"[{""source"":""usdt_blacklist"",""evidence"":{""eventCount"":1,""events"":[{""txHash"":""01f768c5d6e8ad54d93bb930064a70ba386f175854d52ab1b8effd07060cdf39"",""blockNumber"":84464295,""blockTimestampMs"":1784062977000}]},""confidence"":0.9},{""source"":""ofac"",""evidence"":{""list"":""OFAC SDN digital-currency addresses"",""file"":""sanctioned_addresses_TRX.txt"",""repo"":""github.com/0xB10C/ofac-sanctioned-digital-currency-addresses""},""confidence"":1}]"
TAig6gAMakUfPq47vTetcXfZQKAWCsnL6P,TRON,high_risk,usdt_blacklist,2026-09-23T05:07:32.488Z,0.9,"{""eventCount"":1,""events"":[{""txHash"":""b19bf7d6bea148c28f2a59f7ff822fe3956aca638c69378b9aadadda2761592d"",""blockNumber"":75959855,""blockTimestampMs"":1758539646000}]}"
TAiKrFS12BpZL9FxZpcJLnWw5Gj4hSAUDS,TRON,high_risk,usdt_blacklist,2026-09-23T05:07:32.488Z,0.9,"{""eventCount"":1,""events"":[{""txHash"":""5570e4c602115451f515cedaa1d34b82c5df5a356b2b9278d76367fd2a50255e"",""blockNumber"":74810775,""blockTimestampMs"":1755091365000}]}"
TAiVF1LMQTbm1aGmHCkAZMbfdRjC5ZJ7a5,TRON,high_risk,usdt_blacklist,2026-09-23T05:07:32.488Z,0.9,"{""eventCount"":1,""events"":[{""txHash"":""d43c21c553f2d857c2997120d3f34ca2c4908d359f5f47e7397364765273b7e0"",""blockNumber"":76653726,""blockTimestampMs"":1760621862000}]}"
TAJ7sT2xfKhUsncEEsPkNjR8cBWcRkqfNk,TRON,high_risk,usdt_blacklist,2026-09-23T05:07:32.488Z,0.9,"{""eventCount"":1,""events"":[{""txHash"":""4183d1473ff8c41f7a501bf1bcf6a208b2dcbf0fe38a731e72823ac6d290127a"",""blockNumber"":86067705,""blockTimestampMs"":1788875004000}]}"
TAjBbzyJVvjNUj2MENCqUmgJfaWcLViwka,TRON,high_risk,usdt_blacklist,2026-09-23T05:07:32.488Z,0.9,"{""eventCount"":1,""events"":[{""txHash"":""3e04e33993d125a9f6e1cd89ae5719716873dd0e48e551b7a9ab416bcc3031e7"",""blockNumber"":80399959,""blockTimestampMs"":1771864992000}]}"
TAJdpiyWa39dg8JLEBVHKGhQ3zgoqwanZn,TRON,high_risk,usdt_blacklist,2026-09-23T05:07:32.488Z,0.9,"{""eventCount"":1,""events"":[{""txHash"":""b860bba3f4572cb3cbcaaa13eb5c6c38f68b72d7925e18e714c0959b583ce9fe"",""blockNumber"":78650883,""blockTimestampMs"":1766615388000}]}"
TAJMG63b26Ate8nwZKjfupVtF1bXZqGaCy,TRON,high_risk,usdt_blacklist,2026-09-23T05:07:32.488Z,0.9,"{""eventCount"":1,""events"":[{""txHash"":""67eeb9e5475b01742a22b310e5a6c4085a5669049fb6f435a99f808d43082f6e"",""blockNumber"":74673671,""blockTimestampMs"":1754679939000}]}"
TAjP9NrvGjKXfhLvPnYtLiiB2AQFHPisRK,TRON,high_risk,usdt_blacklist,2026-09-23T05:07:32.488Z,0.9,"{""eventCount"":1,""events"":[{""txHash"":""0bf86b214d4491f7188c36e3e30b33e6ce142538aa358e1a49a3cccc3cb3f028"",""blockNumber"":81494523,""blockTimestampMs"":1775150958000}]}"
TAjPkcUJZUFdtiDtEB4pWLvxxUi1wF2K4a,TRON,high_risk,usdt_blacklist,2026-09-23T05:07:32.488Z,0.9,"{""eventCount"":1,""events"":[{""txHash"":""5a2954dfcc63bf36b8449e138d4ed75bf7cb4a1e1357bb651bf4bd768cc85306"",""blockNumber"":81441622,""blockTimestampMs"":1774992213000}]}"
TAjVSq6VJcdn5moqVKRfWCMtWszEXHi9fS,TRON,high_risk,usdt_blacklist,2026-09-23T05:07:32.488Z,0.9,"{""eventCount"":1,""events"":[{""txHash"":""5fe7e53742421e537e4b608ae06164dbd7f4887648a3dc8d08f059684a8ac5b9"",""blockNumber"":85866407,""blockTimestampMs"":1788270807000}]}"
TAK4tfx8HZNRN3TpzLE7JxW4SG5vGH6H9M,TRON,high_risk,usdt_blacklist,2026-09-23T05:07:32.488Z,0.9,"{""eventCount"":1,""events"":[{""txHash"":""ffc697941b3475ac8e22ab8fe432502cce611947c47b788df783cfe37fc29fc2"",""blockNumber"":74098222,""blockTimestampMs"":1752953112000}]}"
TAk4uSwGLs3uk2cx9E26pxJQHia76UAoLU,TRON,high_risk,usdt_blacklist,2026-09-23T05:07:32.488Z,0.9,"{""eventCount"":1,""events"":[{""txHash"":""834cb88d3bc43d3065d82aaba396df1b2a8970ab528bb2978397ae263df8ab9a"",""blockNumber"":78503853,""blockTimestampMs"":1766173836000}]}"
TAKaZtkQMyzg2osiLoDbUu7MtTMJTUgZmy,TRON,high_risk,usdt_blacklist,2026-09-23T05:07:32.488Z,0.9,"{""eventCount"":1,""events"":[{""txHash"":""6175a8927423c1bc33f23b764fed9d5fd6087e84abb88e5f821016ff7bd0aa70"",""blockNumber"":74378650,""blockTimestampMs"":1753794630000}]}"
TAKGSh98ktCqUc4SPDZQPWrtJmni8dsihx,TRON,high_risk,usdt_blacklist,2026-09-23T05:07:32.488Z,0.9,"{""eventCount"":1,""events"":[{""txHash"":""6eb9775bbded10864814b9e7854b1837fd9e59d830e434e5d621f3131bc0e3d0"",""blockNumber"":74030468,""blockTimestampMs"":1752749790000}]}"
TAkh1B75m697Vb3Qvu7Efr9f8RFhjF8j7i,TRON,high_risk,usdt_blacklist,2026-09-23T05:07:32.488Z,0.9,"{""eventCount"":1,""events"":[{""txHash"":""7671c4da80395c79e22ae35373bb1de801acc651f5672d16173ed9cb04088742"",""blockNumber"":85269481,""blockTimestampMs"":1786479471000}]}"
TAkNAASnfGiwA12A332mpU4p6V2SRArTfW,TRON,high_risk,usdt_blacklist,2026-09-23T05:07:32.488Z,0.9,"{""eventCount"":1,""events"":[{""txHash"":""b6e6ffe47bdf964626c3ed8a8a68e3af14911b8983ee34699746e7d61a5d6c8e"",""blockNumber"":74962041,""blockTimestampMs"":1755545289000}]}"
TAkPhaUhsPt4R8dF5tASsUHTqu1hw1GqpR,TRON,high_risk,usdt_blacklist,2026-09-23T05:07:32.488Z,0.9,"{""eventCount"":1,""events"":[{""txHash"":""2edc0441367dad3154d7114f93691a0c2c217bb380115da2029f268077aa1c9e"",""blockNumber"":75959833,""blockTimestampMs"":1758539580000}]}"
TAkPVXF4sRbiNsjKxdz7vSDGqZQkmc5bRq,TRON,high_risk,usdt_blacklist,2026-09-23T05:07:32.488Z,0.9,"{""eventCount"":1,""events"":[{""txHash"":""314cb60f84066d27d17d17a93ade8ab5c8debe588047a741ef8f533351bf990d"",""blockNumber"":79720639,""blockTimestampMs"":1769826288000}]}"
TAkpWPt2JZdiLSkG7ZX2VAQkZQsnGZ1nqh,TRON,high_risk,ofac+usdt_blacklist,2026-09-23T05:07:32.488Z,1,"[{""source"":""usdt_blacklist"",""evidence"":{""eventCount"":1,""events"":[{""txHash"":""48295870c2c3ea557ddc1bcef01bb478860fb83aadfd50f85df64b528ce48c4e"",""blockNumber"":86060965,""blockTimestampMs"":1788854691000}]},""confidence"":0.9},{""source"":""ofac"",""evidence"":{""list"":""OFAC SDN digital-currency addresses"",""file"":""sanctioned_addresses_TRX.txt"",""repo"":""github.com/0xB10C/ofac-sanctioned-digital-currency-addresses""},""confidence"":1}]"
TAkyFUHBiPCjtkGdq7gDptYRgdfuNdt7W2,TRON,high_risk,usdt_blacklist,2026-09-23T05:07:32.488Z,0.9,"{""eventCount"":1,""events"":[{""txHash"":""0c8c556f39d7e82630ee7dbef8668e602cdac63611ef09e550a81a42929f3920"",""blockNumber"":82102068,""blockTimestampMs"":1776974112000}]}"
TAkZyUSD36EHgbzdznvNkVJDnELnDyyZjG,TRON,high_risk,usdt_blacklist,2026-09-23T05:07:32.488Z,0.9,"{""eventCount"":1,""events"":[{""txHash"":""4a89422d9b229f197fc57271073b1446ae9577fcaa3188ad2ef58d8b5a07c5ec"",""blockNumber"":74673701,""blockTimestampMs"":1754680029000}]}"
TAL2yQproCxqPCZJLeVsiXRjxZz8mqtL4x,TRON,high_risk,usdt_blacklist,2026-09-23T05:07:32.488Z,0.9,"{""eventCount"":1,""events"":[{""txHash"":""1e7bfbb8b4ba9aeffd631192a455a8894e537b83800b1675ffd9fbb27b1154f3"",""blockNumber"":80635639,""blockTimestampMs"":1772573565000}]}"
TAm2Z2nLUNECjNrpsVG8RNrE1sfZ33598X,TRON,high_risk,usdt_blacklist,2026-09-23T05:07:32.488Z,0.9,"{""eventCount"":1,""events"":[{""txHash"":""2831e79fdfc29777b72e5c845eff7ed8e25fad8c11e1dcc0fb9b3855a827366c"",""blockNumber"":79197728,""blockTimestampMs"":1768256499000}]}"
TAmF5mpZVGr8FK8azCSmb9CspfWeKrMvpi,TRON,high_risk,usdt_blacklist,2026-09-23T05:07:32.488Z,0.9,"{""eventCount"":1,""events"":[{""txHash"":""f9e4946ac088c2c096b2564f2d04f8c14b274d9f441261c018c238a93ddce5cd"",""blockNumber"":77182673,""blockTimestampMs"":1762209153000}]}"
TAmhj11b4VBTtKnQdQG7EVxh62bB2Um5zm,TRON,high_risk,usdt_blacklist,2026-09-23T05:07:32.488Z,0.9,"{""eventCount"":1,""events"":[{""txHash"":""945e0bf506aaece586e234e56cab793de82b96b70db0b50d2e4501baaa50873c"",""blockNumber"":78215270,""blockTimestampMs"":1765307847000}]}"
TAmNsmoMMckQNb5obgx674QpqDFjVeNcFp,TRON,high_risk,usdt_blacklist,2026-09-23T05:07:32.488Z,0.9,"{""eventCount"":1,""events"":[{""txHash"":""2b3120b9f5e18340f239577fe021a65adf4aa38c7cddce727638070ebc0e7005"",""blockNumber"":85757736,""blockTimestampMs"":1787944695000}]}"
TAmoyksrZmicdferQrkfXmhVpy2jMLSzLR,TRON,high_risk,usdt_blacklist,2026-09-23T05:07:32.488Z,0.9,"{""eventCount"":1,""events"":[{""txHash"":""ea0a82bf9003dbae238db4474bbbf00b47c704c76bab0e6226d03e696553e244"",""blockNumber"":81270071,""blockTimestampMs"":1774477416000}]}"
TAMXPLUxFxc3E2mw117u18W3WhwWxHA2eX,TRON,high_risk,usdt_blacklist,2026-09-23T05:07:32.488Z,0.9,"{""eventCount"":1,""events"":[{""txHash"":""eac0a7eb0c294f42240a2d39c3928ca41d0001a1680a28feecffec0e6092202a"",""blockNumber"":86391060,""blockTimestampMs"":1789845423000}]}"
TAmXuuyWAYdMZ6t1u3xdS6m8i4qx8PrMto,TRON,high_risk,usdt_blacklist,2026-09-23T05:07:32.488Z,0.9,"{""eventCount"":1,""events"":[{""txHash"":""d778e8d757edbaf1d4d5f20a0622f056de0ca6484811172bd04130cd276e0240"",""blockNumber"":79102886,""blockTimestampMs"":1767971775000}]}"
TANaFZJDZXuebAYJofCcXR52o6wybo7E1c,TRON,high_risk,usdt_blacklist,2026-09-23T05:07:32.488Z,0.9,"{""eventCount"":1,""events"":[{""txHash"":""e55b2ae377334960129775fc766b7901a9ed557c2e20b81eaca6bfb217994575"",""blockNumber"":81080101,""blockTimestampMs"":1773907341000}]}"
TAnP1DxhEuCtbGqX66RV8TtWdDUJzhErzp,TRON,high_risk,usdt_blacklist,2026-09-23T05:07:32.488Z,0.9,"{""eventCount"":1,""events"":[{""txHash"":""4ff37483314efb6402614a991e2e0cf2a6ce7fc8ee96d623fc10f5cbcff6897c"",""blockNumber"":86073407,""blockTimestampMs"":1788892155000}]}"
TAnqLqgNu1KSFFAYxX5Lha6MPkVL7JYtT2,TRON,high_risk,usdt_blacklist,2026-09-23T05:07:32.488Z,0.9,"{""eventCount"":1,""events"":[{""txHash"":""15c969718baee59ca457489d4e1cd22c98d862d81d9e799912e3f0496d1cd37b"",""blockNumber"":75791268,""blockTimestampMs"":1758033735000}]}"
TAnTKDLSKLig2F6DegrXiwUKSmNreoJQKv,TRON,high_risk,usdt_blacklist,2026-09-23T05:07:32.488Z,0.9,"{""eventCount"":1,""events"":[{""txHash"":""a4189fa817379bf710fdda00203007cdec1a91561145e72c594b869b2541590b"",""blockNumber"":81494521,""blockTimestampMs"":1775150952000}]}"
TAnxz5oNJPsXWHadfaTCCDfKkm9hUNCNQR,TRON,high_risk,usdt_blacklist,2026-09-23T05:07:32.488Z,0.9,"{""eventCount"":1,""events"":[{""txHash"":""532854c0db76005c9ee4d5638ff152a7186e0a86cc0db838b14de13acd4e6add"",""blockNumber"":81270072,""blockTimestampMs"":1774477419000}]}"
TAo221fv8TKxyGfTArZWiUZvU4W2amvuKC,TRON,high_risk,usdt_blacklist,2026-09-23T05:07:32.488Z,0.9,"{""eventCount"":1,""events"":[{""txHash"":""e95b02cf113e8574a978ce66b41e4ecc74f256d1990cf72ea999d4bad08fa177"",""blockNumber"":83331410,""blockTimestampMs"":1780663332000}]}"
TAoLw5yD5XUoHWeBZRSZ1ExK9HMv2CiPvP,TRON,high_risk,ofac+usdt_blacklist,2026-09-23T05:07:32.488Z,1,"[{""source"":""usdt_blacklist"",""evidence"":{""eventCount"":1,""events"":[{""txHash"":""7a5be5f6b38eb97f0b431f33ae0e3bdb92b98648f3befeabd9a870fc45b5f4ae"",""blockNumber"":77643594,""blockTimestampMs"":1763592318000}]},""confidence"":0.9},{""source"":""ofac"",""evidence"":{""list"":""OFAC SDN digital-currency addresses"",""file"":""sanctioned_addresses_TRX.txt"",""repo"":""github.com/0xB10C/ofac-sanctioned-digital-currency-addresses""},""confidence"":1}]"
TAPxWtYy11LRjCJe9aZo1d5WkFyZbWKRvy,TRON,high_risk,usdt_blacklist,2026-09-23T05:07:32.488Z,0.9,"{""eventCount"":1,""events"":[{""txHash"":""5a162d91c42b5b47384ceb229d1d1f8f3ebedfabd94bfcf859811b494912d279"",""blockNumber"":73882674,""blockTimestampMs"":1752306288000}]}"
TAq31qB6Ssrbm42U8dceEaHFnoJUtoNicR,TRON,high_risk,usdt_blacklist,2026-09-23T05:07:32.488Z,0.9,"{""eventCount"":1,""events"":[{""txHash"":""64c61f82ca01ca4906327548d3dd4133a4aa7a7ca3bff131fa91ad200bf2f15d"",""blockNumber"":84138918,""blockTimestampMs"":1783086570000}]}"
TAQa4FZweNjbxq69adEhPnFQeKZqkN1pJa,TRON,high_risk,usdt_blacklist,2026-09-23T05:07:32.488Z,0.9,"{""eventCount"":1,""events"":[{""txHash"":""95cecd1942ef463a0886e569fb68c3fe5ca19511be3ddc4c947f961d18d075fa"",""blockNumber"":82411924,""blockTimestampMs"":1777903938000}]}"
TAQBTpRoV11CaPgb6XDuMT8DovQNnG2UhP,TRON,high_risk,usdt_blacklist,2026-09-23T05:07:32.488Z,0.9,"{""eventCount"":1,""events"":[{""txHash"":""804a41dd0c403f13a6082f35dac4e85835538fb768aa80ca4902f8aa2f32c383"",""blockNumber"":84520655,""blockTimestampMs"":1784232246000}]}"
TAQCqEyNeiajHQsqATeGHFDWWnKx4nVA55,TRON,high_risk,usdt_blacklist,2026-09-23T05:07:32.488Z,0.9,"{""eventCount"":1,""events"":[{""txHash"":""0a04db8740339e4f147fdb8f092f53bfeda87f887b5eeb5d3b9ba38e82738292"",""blockNumber"":79720641,""blockTimestampMs"":1769826294000}]}"
TAQEJQxGRTysji5yjgYamdEEKS4w9UUYEi,TRON,high_risk,usdt_blacklist,2026-09-23T05:07:32.488Z,0.9,"{""eventCount"":1,""events"":[{""txHash"":""eb2ed06e2f090b3a61ec9b2b141a148780b0234fd6b3a248a618defb23b58d4d"",""blockNumber"":81494637,""blockTimestampMs"":1775151300000}]}"
TAqgAmBa72vaEXBAeQdBCi6PeEkFxZ78Jq,TRON,high_risk,usdt_blacklist,2026-09-23T05:07:32.488Z,0.9,"{""eventCount"":1,""events"":[{""txHash"":""ed23c4fe09f277b31019013d4098469c30004dd39cd78ae4b0675bd8caf0793d"",""blockNumber"":82706747,""blockTimestampMs"":1778788653000}]}"
TAqJk7GBWmCc4rY4hQM3bgvry8dW5LhK11,TRON,high_risk,usdt_blacklist,2026-09-23T05:07:32.488Z,0.9,"{""eventCount"":1,""events"":[{""txHash"":""cc5bebff3962a27f5d50d0a5c45a49595b10c88607889398ca77d61ea453239f"",""blockNumber"":82296782,""blockTimestampMs"":1777558416000}]}"
TAQjKpWMvy2ALxCU2ogrxcgG5Fgp76fdvX,TRON,high_risk,usdt_blacklist,2026-09-23T05:07:32.488Z,0.9,"{""eventCount"":1,""events"":[{""txHash"":""c75b8feac5477d340d2d4ee6c4b71766c3d977544bdda105827151deda509925"",""blockNumber"":81494636,""blockTimestampMs"":1775151297000}]}"
TAqMG8zhvxa5tM1re6rjXDJG5Rtf7uehG3,TRON,high_risk,usdt_blacklist,2026-09-23T05:07:32.488Z,0.9,"{""eventCount"":1,""events"":[{""txHash"":""74f6f98b303694c95d29aeb9ec6515f5892714b7e1d194d9221736151f9744ea"",""blockNumber"":84311299,""blockTimestampMs"":1783603857000}]}"
TAqoApCjRMhTHdCzssEX5AfjCe4Knm4dbD,TRON,high_risk,usdt_blacklist,2026-09-23T05:07:32.488Z,0.9,"{""eventCount"":1,""events"":[{""txHash"":""0fde61ad9d825a72b9c18f7c8242eb759746d886d1c58831cf5588f7bcca7b7c"",""blockNumber"":80161046,""blockTimestampMs"":1771148043000}]}"
TAQPzv9941nVuTj4ng2vd6L11Re57r42pW,TRON,high_risk,ofac+usdt_blacklist,2026-09-23T05:07:32.488Z,1,"[{""source"":""usdt_blacklist"",""evidence"":{""eventCount"":1,""events"":[{""txHash"":""e52b19142d3e68ce18f7c71d7a7bcee26aff4d305291c90750539b5b63372af8"",""blockNumber"":86060967,""blockTimestampMs"":1788854697000}]},""confidence"":0.9},{""source"":""ofac"",""evidence"":{""list"":""OFAC SDN digital-currency addresses"",""file"":""sanctioned_addresses_TRX.txt"",""repo"":""github.com/0xB10C/ofac-sanctioned-digital-currency-addresses""},""confidence"":1}]"
TAQtmPdcUZKhFRjEZrib5J4KPpRAcbshWP,TRON,high_risk,usdt_blacklist,2026-09-23T05:07:32.488Z,0.9,"{""eventCount"":1,""events"":[{""txHash"":""8f1ba391f5cb6e25a9ac66741ec138cb9367fe8a4bbf2149321432f851bc5cdf"",""blockNumber"":85894979,""blockTimestampMs"":1788356547000}]}"
TAQUSxpHFCnb61Rf1sENzTH2sgYN4ootaV,TRON,high_risk,usdt_blacklist,2026-09-23T05:07:32.488Z,0.9,"{""eventCount"":1,""events"":[{""txHash"":""8cafaca06e48baeb49f54561978b4a49dac023124d621ae54b5e3d81138590d9"",""blockNumber"":76974686,""blockTimestampMs"":1761585006000}]}"
TAQWRGVxCKAKDdh8MHHWr86BGdCpSTyvzC,TRON,high_risk,usdt_blacklist,2026-09-23T05:07:32.488Z,0.9,"{""eventCount"":1,""events"":[{""txHash"":""673489e94156e40d632f4084b3a81e9067882c4906a86ce9b96403511bd0bc98"",""blockNumber"":73882766,""blockTimestampMs"":1752306564000}]}"
TAQYMKjxYcrtufnezNyZHboWrpLAoLXqKb,TRON,high_risk,usdt_blacklist,2026-09-23T05:07:32.488Z,0.9,"{""eventCount"":1,""events"":[{""txHash"":""a6aaa31c805fb721357bccd5140baf85569bb9525a854f2581428bba35347bd1"",""blockNumber"":84711817,""blockTimestampMs"":1784805960000}]}"
TARdpCD6PM1SG7kuEpCvSQKJAUUmYAWrLa,TRON,high_risk,usdt_blacklist,2026-09-23T05:07:32.488Z,0.9,"{""eventCount"":1,""events"":[{""txHash"":""be4d1e00ffd141763c6c5d4ac6cf911334f22835ff902388bbd581cbdf841271"",""blockNumber"":73882869,""blockTimestampMs"":1752306873000}]}"
TArLtMmjJRLSKwFwbokpL5FFEXcwU9BTND,TRON,high_risk,usdt_blacklist,2026-09-23T05:07:32.488Z,0.9,"{""eventCount"":1,""events"":[{""txHash"":""43f3ec418978ee4113d82c24a7dd89abd3ea9a7391884e7e17edb77097cdc814"",""blockNumber"":81494522,""blockTimestampMs"":1775150955000}]}"
TARmijbS8o1VCpeZaKf7P6Wm9rozMowZNV,TRON,high_risk,usdt_blacklist,2026-09-23T05:07:32.488Z,0.9,"{""eventCount"":1,""events"":[{""txHash"":""4bf390ffce2abfae940ee77997492989112dc89921f21b6b76cb805a6f3635f8"",""blockNumber"":73882428,""blockTimestampMs"":1752305550000}]}"
TARmzmNPGGMaX2hkkW2kqvFYqoiy8KbopR,TRON,high_risk,usdt_blacklist,2026-09-23T05:07:32.488Z,0.9,"{""eventCount"":1,""events"":[{""txHash"":""222a5a4e81d5eeb8a52bdce5d16bb4aee3d24a82d977649cd2ddbf4e00eb8cfc"",""blockNumber"":83440342,""blockTimestampMs"":1780990218000}]}"
TArsRuj3FVh86x5F3CQvVU14HD8E9WFVBP,TRON,high_risk,usdt_blacklist,2026-09-23T05:07:32.488Z,0.9,"{""eventCount"":1,""events"":[{""txHash"":""64055a20b994e707029bdbc7cd4a9de1138428873b44ef7666c828dc11ecc074"",""blockNumber"":75884361,""blockTimestampMs"":1758313104000}]}"
TARszdG2ZXQvmVZ74PujLdZcFEy76Frf3N,TRON,high_risk,usdt_blacklist,2026-09-23T05:07:32.488Z,0.9,"{""eventCount"":1,""events"":[{""txHash"":""d1a1e414429a7d8f058fde9723b2a1cd72aed7b1efa70db12bb38fd8653c71e7"",""blockNumber"":73882868,""blockTimestampMs"":1752306870000}]}"
TAS3Tg5v1gCzPdnriwjME16Mmn8a1pf2xY,TRON,high_risk,usdt_blacklist,2026-09-23T05:07:32.488Z,0.9,"{""eventCount"":1,""events"":[{""txHash"":""ae71b31a6ca357a1378c8c22d1aa8a95b07666c46ff4e32c796d72e78875e538"",""blockNumber"":81292116,""blockTimestampMs"":1774543569000}]}"
TAsbcMvo8SDNG6K5rT3eo2LvZBTtXVabZ2,TRON,high_risk,usdt_blacklist,2026-09-23T05:07:32.488Z,0.9,"{""eventCount"":1,""events"":[{""txHash"":""8bfccfa54de112569c92d0ca1dddf0e12ede2e20ae3d51c8af5407381b33022f"",""blockNumber"":77499430,""blockTimestampMs"":1763159697000}]}"
TAsbDjXSqwL5KD4hPsgGWvCLZpMQq5zDNQ,TRON,high_risk,usdt_blacklist,2026-09-23T05:07:32.488Z,0.9,"{""eventCount"":1,""events"":[{""txHash"":""d276fe803d80ab3baa3ffac8695b821435953ba61e34193d084efa2b7d557e41"",""blockNumber"":78637742,""blockTimestampMs"":1766575953000}]}"
TASBqscxGByNsPrs6SrQrAaN6GKY43z2G1,TRON,high_risk,usdt_blacklist,2026-09-23T05:07:32.488Z,0.9,"{""eventCount"":1,""events"":[{""txHash"":""16f810250c27e9f28f0563bce41732e9fbf3e2169c741a7bf943839254fd495c"",""blockNumber"":83966627,""blockTimestampMs"":1782569520000}]}"
TASdCVSz8uQiuRJkmNHcWhAcgMLygC5vdq,TRON,high_risk,usdt_blacklist,2026-09-23T05:07:32.488Z,0.9,"{""eventCount"":1,""events"":[{""txHash"":""b7e68578d436550642c583f354c6ae6464c14505f6a2dc8e21bf2cd6496e18a0"",""blockNumber"":80941734,""blockTimestampMs"":1773492123000}]}"
TAsEmVi1UeL43z1iCZcG1pso9AuZ1r6nnh,TRON,high_risk,usdt_blacklist,2026-09-23T05:07:32.488Z,0.9,"{""eventCount"":1,""events"":[{""txHash"":""5b715f4e4bd34bcb63488ec282a167c6b4d190c3388c060f5229ea59e5b134cc"",""blockNumber"":84455250,""blockTimestampMs"":1784035836000}]}"
TAsmpZC4VMeDR2G1VsqPMnfJ1UaG13n6wy,TRON,high_risk,usdt_blacklist,2026-09-23T05:07:32.488Z,0.9,"{""eventCount"":1,""events"":[{""txHash"":""eae42f16885ced62ae7a00bb83e44d2f8963969da1a8a00ccef4e36c94a59bc1"",""blockNumber"":80261934,""blockTimestampMs"":1771450803000}]}"
TASWbk6X1wiTku5TMmMQYqYFvshVEtfJy8,TRON,high_risk,ofac,2026-09-23T05:07:32.488Z,1,"{""list"":""OFAC SDN digital-currency addresses"",""file"":""sanctioned_addresses_TRX.txt"",""repo"":""github.com/0xB10C/ofac-sanctioned-digital-currency-addresses""}"
TASzc9sS3eitEMXpV4rNFCJbP66y46aJWU,TRON,high_risk,usdt_blacklist,2026-09-23T05:07:32.488Z,0.9,"{""eventCount"":1,""events"":[{""txHash"":""b3b0e9e3727da89c4fadfeb88b6d1ec12b530d8401592cffa1ffce0d7f8bd09c"",""blockNumber"":81318300,""blockTimestampMs"":1774622145000}]}"
TASzo3RFzoLPtmESdS8fD58Wz4KX1SRPTL,TRON,high_risk,usdt_blacklist,2026-09-23T05:07:32.488Z,0.9,"{""eventCount"":1,""events"":[{""txHash"":""14586292085a6444edf0bc7393f0c1b874b97a3362fb267bf2b3dfeff6ee5d8f"",""blockNumber"":76181945,""blockTimestampMs"":1759206105000}]}"
TAT3tDVTufxscButn8uCyvWrBuLqBG4XeS,TRON,high_risk,usdt_blacklist,2026-09-23T05:07:32.488Z,0.9,"{""eventCount"":1,""events"":[{""txHash"":""2e53c88c9753edd024f988cd35dbf3040f6ebe06dbc204d7575c3cbdc87a11e0"",""blockNumber"":83484981,""blockTimestampMs"":1781124171000}]}"
TAT8fmMQnxfnLDP1RfWNq67j3sF6Tc5Rn8,TRON,high_risk,usdt_blacklist,2026-09-23T05:07:32.488Z,0.9,"{""eventCount"":1,""events"":[{""txHash"":""f953c2a104e034d0f2024795982a02a525336dcac74dab413b93b81038551c79"",""blockNumber"":84711816,""blockTimestampMs"":1784805957000}]}"
TAtNGo3UEvgyDxCZH1kssbjvZ7DRVCos7r,TRON,high_risk,usdt_blacklist,2026-09-23T05:07:32.488Z,0.9,"{""eventCount"":1,""events"":[{""txHash"":""f17506e844eaca202b90dfd4f859d37ae151505ce2fcfbe7ed3d8c56013f9dc0"",""blockNumber"":77643620,""blockTimestampMs"":1763592396000}]}"
TAtqLDgTZVMLjFPNSkUZbuKxipdmAEP5Vq,TRON,high_risk,usdt_blacklist,2026-09-23T05:07:32.488Z,0.9,"{""eventCount"":1,""events"":[{""txHash"":""70c8e317cfba05105555f8a33123ef66f1a86e5cf404d2a4f1f29e7b77693e63"",""blockNumber"":80809709,""blockTimestampMs"":1773095919000}]}"
TAU65dv1aAZKNZSfxmjP3bq7uBgjaZkQnp,TRON,high_risk,usdt_blacklist,2026-09-23T05:07:32.488Z,0.9,"{""eventCount"":1,""events"":[{""txHash"":""2bbefde2a61c82dbb967902a608a59a6659450133276eee118a324ed974f48f9"",""blockNumber"":81318302,""blockTimestampMs"":1774622151000}]}"
TAu7xuGpW7zyjTNdSWRHCJYAKjwa1eN7Gc,TRON,high_risk,usdt_blacklist,2026-09-23T05:07:32.488Z,0.9,"{""eventCount"":1,""events"":[{""txHash"":""a306b086795076fe6e629e80f8be4c4eccc4c31631d5a5198fcf711c13dbba18"",""blockNumber"":84764539,""blockTimestampMs"":1784964174000}]}"
TAu8G2TaPjBw3TVVDKg9SjT2Wu6uijBKP2,TRON,high_risk,usdt_blacklist,2026-09-23T05:07:32.488Z,0.9,"{""eventCount"":1,""events"":[{""txHash"":""89eada32218ebb837a36261cad36a866bc7096010af523c553dda2ae9f37feb5"",""blockNumber"":75959893,""blockTimestampMs"":1758539760000}]}"
TAubH3AjxkFsafxex26N2SkNcY9d7zBx1t,TRON,high_risk,usdt_blacklist,2026-09-23T05:07:32.488Z,0.9,"{""eventCount"":1,""events"":[{""txHash"":""39043ce4cba62def7a178d89598eddd6c5af68bd1c5532d30259f7d09f34a647"",""blockNumber"":78040720,""blockTimestampMs"":1764784047000}]}"
TAUfXexNWVvtEAtUWoducMJjrb2mKg4Pcg,TRON,high_risk,usdt_blacklist,2026-09-23T05:07:32.488Z,0.9,"{""eventCount"":1,""events"":[{""txHash"":""68ddc507dc696647f3ba58ace7274c7afc08559a2ad09635c5eb92f51cafd4d9"",""blockNumber"":77203678,""blockTimestampMs"":1762272186000}]}"
TAuhAs5PUwTwHaCCcv8ADuQWAbr4cEfZ4F,TRON,high_risk,usdt_blacklist,2026-09-23T05:07:32.488Z,0.9,"{""eventCount"":1,""events"":[{""txHash"":""657825b49a5abbff855d559f09c2f037ba9879c06cbc84e6b7ff119c0997ef43"",""blockNumber"":82161734,""blockTimestampMs"":1777153158000}]}"
TAUnDaE2uGF7UG1yULjS893v5vyWk9PTQP,TRON,high_risk,usdt_blacklist,2026-09-23T05:07:32.488Z,0.9,"{""eventCount"":1,""events"":[{""txHash"":""1193aa8195466e78baba64eddd9f2c5a1191c45b57730725bf4d396ded9560ba"",""blockNumber"":77494663,""blockTimestampMs"":1763145396000}]}"
TAuQuT3RPnF7uEp34XzdYhRyG2Z3xqimQg,TRON,high_risk,usdt_blacklist,2026-09-23T05:07:32.488Z,0.9,"{""eventCount"":1,""events"":[{""txHash"":""9044972a35dad80a3a6cd0d58314f22a25a61c941d449ea55b9f889730cac937"",""blockNumber"":81180600,""blockTimestampMs"":1774208922000}]}"
TAUSKt5E7z4bQZJWU7mMQGknPYDXMnoPmf,TRON,high_risk,usdt_blacklist,2026-09-23T05:07:32.488Z,0.9,"{""eventCount"":1,""events"":[{""txHash"":""3b683292531ef13e291ce8b4166e7f2ce0819da5d6ffcd2c707fd2575078a175"",""blockNumber"":73882823,""blockTimestampMs"":1752306735000}]}"
TAUWswhTqahHHX3qV12qneARqMekNNoqvy,TRON,high_risk,usdt_blacklist,2026-09-23T05:07:32.488Z,0.9,"{""eventCount"":1,""events"":[{""txHash"":""a069c9c999674016b8adc359b65acc3a32d99b876d13865e7ef28d45eb25c263"",""blockNumber"":81441097,""blockTimestampMs"":1774990638000}]}"
TAuwTFzPCdFpGUyF9z6z7kGqvqhXo4DdF3,TRON,high_risk,usdt_blacklist,2026-09-23T05:07:32.488Z,0.9,"{""eventCount"":1,""events"":[{""txHash"":""3142dcbfa2ba52a445c96f1af004ddab0c764d88ec51c42cb1bec1f8d804b2a1"",""blockNumber"":81292116,""blockTimestampMs"":1774543569000}]}"
TAUZBVtoAjp5kfoE3Gf5RLhxmJp8wdH8HC,TRON,high_risk,usdt_blacklist,2026-09-23T05:07:32.488Z,0.9,"{""eventCount"":1,""events"":[{""txHash"":""984e21e60b0fe2defbb7edf78533fed837e51e9d88c1d79b96de26d80fdffb43"",""blockNumber"":83824654,""blockTimestampMs"":1782143478000}]}"
TAv7Y9LQzZKzYv8mUXpkvcFDtp8bGqQmS3,TRON,high_risk,usdt_blacklist,2026-09-23T05:07:32.488Z,0.9,"{""eventCount"":1,""events"":[{""txHash"":""e8afd3b8f7be02b0b536361ac2c1a6451bfe28a63b74090b6e592092878749fa"",""blockNumber"":82468182,""blockTimestampMs"":1778072760000}]}"
TAvb4AuHyNjdSAYfrwp6xqvND3e3EeznkG,TRON,high_risk,usdt_blacklist,2026-09-23T05:07:32.488Z,0.9,"{""eventCount"":1,""events"":[{""txHash"":""e6028478abc2c49649d1e615152bf7fc195da8283b5036f974969f8260f5d02f"",""blockNumber"":74841370,""blockTimestampMs"":1755183174000}]}"
TAvH6BXSGZjNHY9bmt3YrFk2ETqEwc5HCk,TRON,high_risk,usdt_blacklist,2026-09-23T05:07:32.488Z,0.9,"{""eventCount"":1,""events"":[{""txHash"":""b0f5ecd5f268f4ee108ee426365477f12fedafb6f6f1ceded1a4ae7e016dab19"",""blockNumber"":81896891,""blockTimestampMs"":1776358404000}]}"
TAVKvfHt77vD1hQzEUzPSjsTTqNNjSYjBV,TRON,high_risk,usdt_blacklist,2026-09-23T05:07:32.488Z,0.9,"{""eventCount"":1,""events"":[{""txHash"":""835f7a4b3aae59a06b7c59c1f19c8cdc5af8ac2eb96e2dc37a3f491ccedcb391"",""blockNumber"":75959908,""blockTimestampMs"":1758539805000}]}"
TAVovpyRa2LTHmtRnLoTMrofdVhBMpuRNz,TRON,high_risk,usdt_blacklist,2026-09-23T05:07:32.488Z,0.9,"{""eventCount"":1,""events"":[{""txHash"":""4df44054668e3d4dc4695efcceaffedb842cef14a18a815c3e6bb65317796d36"",""blockNumber"":76041079,""blockTimestampMs"":1758783393000}]}"
TAVsFHWvG7Kc8sFcs7u7QmxqqGPD9hu5bg,TRON,high_risk,usdt_blacklist,2026-09-23T05:07:32.488Z,0.9,"{""eventCount"":1,""events"":[{""txHash"":""582f17bb064c6e7cae6276b9b75bcf7f483fd582329912848a6c26d3b426addf"",""blockNumber"":73882528,""blockTimestampMs"":1752305850000}]}"
TAVVHRi9wDjskqKUVCAx6QJSZPnrqJX1qk,TRON,high_risk,usdt_blacklist,2026-09-23T05:07:32.488Z,0.9,"{""eventCount"":1,""events"":[{""txHash"":""756f208433e746343ea5586a2da31ece296e1441ac6519b1df6dcab6dc2663d1"",""blockNumber"":80377660,""blockTimestampMs"":1771798077000}]}"
TAvziLHUYzuLmxHueYTPoaVtAVNDtSM3JY,TRON,high_risk,usdt_blacklist,2026-09-23T05:07:32.488Z,0.9,"{""eventCount"":1,""events"":[{""txHash"":""4fa5d8cd6fcc878c60122d98fc428bfa7f82bf31229bbf600199033a6b84fb52"",""blockNumber"":81494789,""blockTimestampMs"":1775151756000}]}"
TAW56PT12XAbqjecqEzkEF9SFuW8suujtL,TRON,high_risk,usdt_blacklist,2026-09-23T05:07:32.488Z,0.9,"{""eventCount"":1,""events"":[{""txHash"":""8f6120a79d5992f34ce2624e8b05ba8f4b5194a6f49491a49b4040bd361997dc"",""blockNumber"":86476880,""blockTimestampMs"":1790102955000}]}"
TAw7SiAjAaP3u1MoZS3D5nvxAfHGGSuuvV,TRON,high_risk,usdt_blacklist,2026-09-23T05:07:32.488Z,0.9,"{""eventCount"":1,""events"":[{""txHash"":""554225c1f449136c873ef23797be7290c55bcd01c7116c0ded32ed291f1798a5"",""blockNumber"":82706749,""blockTimestampMs"":1778788659000}]}"
TAWAcBDtnwm3LaYZR5TgqGBzkWJrxfgGUF,TRON,high_risk,usdt_blacklist,2026-09-23T05:07:32.488Z,0.9,"{""eventCount"":1,""events"":[{""txHash"":""a0d9768ed15e1743193c66f4817af8857e5a86105d87f67e34840449db14dfbb"",""blockNumber"":81270075,""blockTimestampMs"":1774477428000}]}"
TAwKYB3UCVBn9Anp7XfZb9vsNQmxp1Q4Rr,TRON,high_risk,usdt_blacklist,2026-09-23T05:07:32.488Z,0.9,"{""eventCount"":1,""events"":[{""txHash"":""69a69120c7b2eb5ce4d944dca603468dabdf32a2cff2cfb66e9dd0358d00c27c"",""blockNumber"":73882764,""blockTimestampMs"":1752306558000}]}"
TAwNQN5tmzJJ694PPuoFUxQY13quBs8YgA,TRON,high_risk,ofac+usdt_blacklist,2026-09-23T05:07:32.488Z,1,"[{""source"":""usdt_blacklist"",""evidence"":{""eventCount"":1,""events"":[{""txHash"":""a12fb2728f6fcf074af640e4e724112b179b8263859144597827d3cf296302b1"",""blockNumber"":84074398,""blockTimestampMs"":1782892950000}]},""confidence"":0.9},{""source"":""ofac"",""evidence"":{""list"":""OFAC SDN digital-currency addresses"",""file"":""sanctioned_addresses_TRX.txt"",""repo"":""github.com/0xB10C/ofac-sanctioned-digital-currency-addresses""},""confidence"":1}]"
TAwss6F14DXgVt1UGNoghkBrBLo7XjYvMv,TRON,high_risk,usdt_blacklist,2026-09-23T05:07:32.488Z,0.9,"{""eventCount"":1,""events"":[{""txHash"":""b659e90121e9186cd90ac7076b4fc2e7c908c3a2e60cc2c182c844d8d9a2a18b"",""blockNumber"":85443884,""blockTimestampMs"":1787002851000}]}"
TAwwjX6evHVmtxDj3mc9RzsUj9TCdVevE3,TRON,high_risk,usdt_blacklist,2026-09-23T05:07:32.488Z,0.9,"{""eventCount"":1,""events"":[{""txHash"":""e2356619c421c927892d66f4485e8a1140425d131198a633d973ceb6c94c7685"",""blockNumber"":73882461,""blockTimestampMs"":1752305649000}]}"
TAWwTzokhH5kwNgLSqLxd1gHmrW6EytTLy,TRON,high_risk,usdt_blacklist,2026-09-23T05:07:32.488Z,0.9,"{""eventCount"":1,""events"":[{""txHash"":""775be62505ce5a662b79ddabd2c1adebe83a3fd71005bf16df0bc6d1fff2d9bf"",""blockNumber"":81117343,""blockTimestampMs"":1774019097000}]}"
TAwX7GYHR9dVkbnq39VTrrepunqAFhpty9,TRON,high_risk,usdt_blacklist,2026-09-23T05:07:32.488Z,0.9,"{""eventCount"":1,""events"":[{""txHash"":""9c1f22b988caf98676a237c6744cf1737e148a7fe82d035469c111d56af5abb9"",""blockNumber"":83340857,""blockTimestampMs"":1780691679000}]}"
TAXAi55D6gaCM8ni8Fdjb5ZZ3ujRqBaQou,TRON,high_risk,usdt_blacklist,2026-09-23T05:07:32.488Z,0.9,"{""eventCount"":1,""events"":[{""txHash"":""f8094f1564050ab869ef6520e09ead60bea19bdf6d586d6fc9c96a432f15de55"",""blockNumber"":85269479,""blockTimestampMs"":1786479465000}]}"
TAXDa2bEMYv2sn9VYkjWWrtcXT4UhhycvN,TRON,high_risk,usdt_blacklist,2026-09-23T05:07:32.488Z,0.9,"{""eventCount"":1,""events"":[{""txHash"":""3a7149a3d886262b2f585c60fc89ea5747286958de22a20ebe0876417ca217bc"",""blockNumber"":82252953,""blockTimestampMs"":1777426893000}]}"
TAXFLwgaANCcaUVJSnx2nqBPjExKU3U6qg,TRON,high_risk,usdt_blacklist,2026-09-23T05:07:32.488Z,0.9,"{""eventCount"":1,""events"":[{""txHash"":""71ad4fbec1376bcfff7a6a8b57b33da2c4db2a7b58d849dbf5e5cdd78d58be52"",""blockNumber"":73882412,""blockTimestampMs"":1752305502000}]}"
TAXK74LbAAm1rWNjos5FEdrmmE7Ru3XfL4,TRON,high_risk,usdt_blacklist,2026-09-23T05:07:32.488Z,0.9,"{""eventCount"":1,""events"":[{""txHash"":""92afcb5c8ecdd2e0ad10eeca3e01e1e65f0518ba55829f8dedff3b3d1968a9c7"",""blockNumber"":73882829,""blockTimestampMs"":1752306753000}]}"
TAY6XF5nKyGXxvuf8MWbruPgfvrJNpjVTR,TRON,high_risk,usdt_blacklist,2026-09-23T05:07:32.488Z,0.9,"{""eventCount"":1,""events"":[{""txHash"":""72e6c0611d9c1324fa851e5c770298165590d02fc0ebad8d92233e70e82c42d7"",""blockNumber"":83542309,""blockTimestampMs"":1781296203000}]}"
TAyEUEVBzaAFTfqTcNtnS2BGeQ45jQXMK2,TRON,high_risk,usdt_blacklist,2026-09-23T05:07:32.488Z,0.9,"{""eventCount"":1,""events"":[{""txHash"":""baac139af949f14736c90469ef5a793dc3443feb9a8e99ed73e584ba83e7324f"",""blockNumber"":81569676,""blockTimestampMs"":1775376489000}]}"
TAYhjpL8pPs8T84FSM329nffQpc6jD8GBM,TRON,high_risk,ofac+usdt_blacklist,2026-09-23T05:07:32.488Z,1,"[{""source"":""usdt_blacklist"",""evidence"":{""eventCount"":1,""events"":[{""txHash"":""075d10048c048e755d1d7a9d97eb2a1ab4f94cf8b42cea920267caff1492d0a3"",""blockNumber"":74849012,""blockTimestampMs"":1755206106000}]},""confidence"":0.9},{""source"":""ofac"",""evidence"":{""list"":""OFAC SDN digital-currency addresses"",""file"":""sanctioned_addresses_TRX.txt"",""repo"":""github.com/0xB10C/ofac-sanctioned-digital-currency-addresses""},""confidence"":1}]"
TAYkxw9exTF3fWAfLgpc2EPRCL1sgot2br,TRON,high_risk,usdt_blacklist,2026-09-23T05:07:32.488Z,0.9,"{""eventCount"":1,""events"":[{""txHash"":""0cb5c1c9468c21f798751e8fc93248ce332d703e1e4d3811f1b24eff1804659d"",""blockNumber"":86097672,""blockTimestampMs"":1788964992000}]}"
TAYmr116QUo2FbgGxbrZ8BMgLStnnusdfJ,TRON,high_risk,usdt_blacklist,2026-09-23T05:07:32.488Z,0.9,"{""eventCount"":1,""events"":[{""txHash"":""81dea9fa0b698ea5fb8525831b26964a7a1293e4ea57ccaed1ad74d90f1e2175"",""blockNumber"":75959680,""blockTimestampMs"":1758539121000}]}"
TAYobecA52Ptmve7EeUR3z4dgjwXkqVMTy,TRON,high_risk,usdt_blacklist,2026-09-23T05:07:32.488Z,0.9,"{""eventCount"":1,""events"":[{""txHash"":""f99d9af2fa106c9893217c08eb99ee268d962f6619b9b719d135dd0274dc00c2"",""blockNumber"":81292113,""blockTimestampMs"":1774543560000}]}"
TAySoap43zAWFj8CDi7UaWAG6UVEzGDvRz,TRON,high_risk,usdt_blacklist,2026-09-23T05:07:32.488Z,0.9,"{""eventCount"":1,""events"":[{""txHash"":""a8a7e465c4bb5b08bae7aba184f93a2c83309acf2cb71e3109bfba8f76de2857"",""blockNumber"":78446996,""blockTimestampMs"":1766003217000}]}"
TAyvZwctn9y734QaPGUx5idpxEN11ZXVh9,TRON,high_risk,usdt_blacklist,2026-09-23T05:07:32.488Z,0.9,"{""eventCount"":1,""events"":[{""txHash"":""f56943d7aeb4419c843502d283847c3c67f8a98dff9e7dbd1b3948baeed84638"",""blockNumber"":73882452,""blockTimestampMs"":1752305622000}]}"
TAyw9L3gNoTtKCGRgKUEcBG3kw5zpfD1GC,TRON,high_risk,usdt_blacklist,2026-09-23T05:07:32.488Z,0.9,"{""eventCount"":1,""events"":[{""txHash"":""b7d6ae923d4371f10ec5aaf69295df354cc8a5d306b92c240c63f209c4c1454b"",""blockNumber"":83647749,""blockTimestampMs"":1781612613000}]}"
TAyWMHJAWniehwQoLKZErKFWFVjS3ctzP2,TRON,high_risk,usdt_blacklist,2026-09-23T05:07:32.488Z,0.9,"{""eventCount"":1,""events"":[{""txHash"":""8c2fb5969bbfa4c6e7680a91a31195c10516bd3932fce0fea29d951bd642269b"",""blockNumber"":82348248,""blockTimestampMs"":1777712856000}]}"
TAYx4XKsSeSe5BH2UESEWq1939JzTaVh3j,TRON,high_risk,usdt_blacklist,2026-09-23T05:07:32.488Z,0.9,"{""eventCount"":1,""events"":[{""txHash"":""c0e83928acf4ae7dae6a7cb1d5597d7a3bf4bb887e14cf657ee6985c7f6a1818"",""blockNumber"":76426500,""blockTimestampMs"":1759939992000}]}"
TAyyDV6fzXizofPDdhy3oqgzvny5pw4qSQ,TRON,high_risk,usdt_blacklist,2026-09-23T05:07:32.488Z,0.9,"{""eventCount"":1,""events"":[{""txHash"":""9e9adfd04c7e45ffdc1d2ca2cfc19817921ef4d44054ee9ce4bb738c5919efd1"",""blockNumber"":73882500,""blockTimestampMs"":1752305766000}]}"
TAyyw6ZoTZexvTcN7WRR9t79JUFgSAvkL8,TRON,high_risk,ofac+usdt_blacklist,2026-09-23T05:07:32.488Z,1,"[{""source"":""usdt_blacklist"",""evidence"":{""eventCount"":1,""events"":[{""txHash"":""0a7431a42efab7b0480797c980e977f7c637b030e0d74da911ffdfce86253c1c"",""blockNumber"":84075514,""blockTimestampMs"":1782896298000}]},""confidence"":0.9},{""source"":""ofac"",""evidence"":{""list"":""OFAC SDN digital-currency addresses"",""file"":""sanctioned_addresses_TRX.txt"",""repo"":""github.com/0xB10C/ofac-sanctioned-digital-currency-addresses""},""confidence"":1}]"
TAZ7RutWKabTf9dtvJ6zFbiwKH6LL8hX7N,TRON,high_risk,usdt_blacklist,2026-09-23T05:07:32.488Z,0.9,"{""eventCount"":1,""events"":[{""txHash"":""273a003cffe9ebec993c18023ea817fc5ee8dde4fc1f20a81afd528639ffbbbd"",""blockNumber"":85148459,""blockTimestampMs"":1786116303000}]}"
TAZ8Ms1JqUnBnnQvjq4CAusJF6ujPa3t38,TRON,high_risk,usdt_blacklist,2026-09-23T05:07:32.488Z,0.9,"{""eventCount"":1,""events"":[{""txHash"":""627b5ddda151384923dcd3b8d1978233c6e236576a3fb85d404cfc4dcd7ff3e7"",""blockNumber"":83131999,""blockTimestampMs"":1780064775000}]}"
TAzA8jgXBEBedSbvo2nRnPXgemM534j2TB,TRON,high_risk,usdt_blacklist,2026-09-23T05:07:32.488Z,0.9,"{""eventCount"":1,""events"":[{""txHash"":""ab1e67e3a8bb7782423d88d4786dc4a5747ef8ec8c07bc6a9589bf3225492604"",""blockNumber"":80827836,""blockTimestampMs"":1773150330000}]}"
TAzUmcn6UfMH1P1bdEUmkwv6teznNnUSD6,TRON,high_risk,usdt_blacklist,2026-09-23T05:07:32.488Z,0.9,"{""eventCount"":1,""events"":[{""txHash"":""a0d9c49a0e73028883d407bf1a69711680cf10a2f3c1fa25a82b0b4e8bb5c8c1"",""blockNumber"":80399957,""blockTimestampMs"":1771864986000}]}"
TB1aNKpHKUDrJhADaSUn5sabpsDzrfa1cM,TRON,high_risk,usdt_blacklist,2026-09-23T05:07:32.488Z,0.9,"{""eventCount"":1,""events"":[{""txHash"":""530baca3d7a17b7ee1349fab67d8c1d5b145c4d8d30117650e3b92eb526f938b"",""blockNumber"":73882759,""blockTimestampMs"":1752306543000}]}"
TB1Bcv3x8mg7PVV4nVM48pgHJKcYboTypU,TRON,high_risk,ofac+usdt_blacklist,2026-09-23T05:07:32.488Z,1,"[{""source"":""usdt_blacklist"",""evidence"":{""eventCount"":1,""events"":[{""txHash"":""1bd8f28d65b45b4bb4a3ed123561d872c0ed10582d5b0bfd9b64d283b1c81aab"",""blockNumber"":84075514,""blockTimestampMs"":1782896298000}]},""confidence"":0.9},{""source"":""ofac"",""evidence"":{""list"":""OFAC SDN digital-currency addresses"",""file"":""sanctioned_addresses_TRX.txt"",""repo"":""github.com/0xB10C/ofac-sanctioned-digital-currency-addresses""},""confidence"":1}]"
TB1K8MCrzNm55MFSRDvQtsqsipq445WBX1,TRON,high_risk,usdt_blacklist,2026-09-23T05:07:32.488Z,0.9,"{""eventCount"":1,""events"":[{""txHash"":""8c398775a55f8fdf9facad6da3ba63c1e50f9d68d2c42193942d9b0807e9aa4e"",""blockNumber"":82639386,""blockTimestampMs"":1778586510000}]}"
TB1P5zFoxjYai2w5Hx1Qs4tEZkoRcnG4Zk,TRON,high_risk,usdt_blacklist,2026-09-23T05:07:32.488Z,0.9,"{""eventCount"":1,""events"":[{""txHash"":""d61f78539e84cb2982aa8905c7df6436391f17c7182823e5d5dbb77594eb7eb2"",""blockNumber"":79245680,""blockTimestampMs"":1768400742000}]}"
TB1ZRUnSYzTQJRCUDFH4T3NEW2dyen2JPA,TRON,high_risk,usdt_blacklist,2026-09-23T05:07:32.488Z,0.9,"{""eventCount"":1,""events"":[{""txHash"":""d199ed01cc9e50bf6fe1f524187e530258805563c102474b1a4bb270b026d61b"",""blockNumber"":74552366,""blockTimestampMs"":1754315922000}]}"
TB21WFoMPXndDq75BFncqHem2RYQZHxtgz,TRON,high_risk,usdt_blacklist,2026-09-23T05:07:32.488Z,0.9,"{""eventCount"":1,""events"":[{""txHash"":""8ced2d8a8cec5135b5ce29d476a2eb9d8604382cc40146fdb1d0a03ad91f0826"",""blockNumber"":83996862,""blockTimestampMs"":1782660249000}]}"
TB2jN5C8AuFccWo3BnkBmzUTCdin1TqMyQ,TRON,high_risk,usdt_blacklist,2026-09-23T05:07:32.488Z,0.9,"{""eventCount"":1,""events"":[{""txHash"":""0e7204fa9820d6e1e50529fa4ef9ee2078d8819e6e8cb6af5b2f68e798bbb322"",""blockNumber"":84830895,""blockTimestampMs"":1785163302000}]}"
TB2nmTVQWyjGBJ4ScTG7LysQ6zWiH2vsLg,TRON,high_risk,usdt_blacklist,2026-09-23T05:07:32.488Z,0.9,"{""eventCount"":1,""events"":[{""txHash"":""bfa3d4a41350b3a2c0a0c9b79f93e4d1db60c4dd8e7f507ad24012b8e7ab9232"",""blockNumber"":83910905,""blockTimestampMs"":1782402306000}]}"
TB2wknn16HXw2tkgY7c6vbgfR5bE6Lrvf6,TRON,high_risk,usdt_blacklist,2026-09-23T05:07:32.488Z,0.9,"{""eventCount"":1,""events"":[{""txHash"":""01a6b284f8ca79622a3e992b95b715c1956a54e316d001682f2bc2bf7047c861"",""blockNumber"":81091985,""blockTimestampMs"":1773942999000}]}"
TB2xQq7Th8T1Uz1eQyCjiieMRqGpbuqMfK,TRON,high_risk,usdt_blacklist,2026-09-23T05:07:32.488Z,0.9,"{""eventCount"":1,""events"":[{""txHash"":""efbae84dea026d2259f45fc0df09dbbe87e498e47b74f02b6fc9e8d7da3ba570"",""blockNumber"":75430799,""blockTimestampMs"":1756951959000}]}"
TB3Kp2uDTLiPXH8jREvKrqCYF9WwiVhWo6,TRON,high_risk,usdt_blacklist,2026-09-23T05:07:32.488Z,0.9,"{""eventCount"":1,""events"":[{""txHash"":""fda80d9f14beb2ed3fbbfd62b085bc2f68e135ffb0d9ec19d81af4ad6290d68b"",""blockNumber"":81441854,""blockTimestampMs"":1774992909000}]}"
TB3ZZb91jbRFjB8M5RTfPsGay2BD5krehJ,TRON,high_risk,usdt_blacklist,2026-09-23T05:07:32.488Z,0.9,"{""eventCount"":1,""events"":[{""txHash"":""bb1c34b414eec47ab3b0c682009f5e12f23fb4491f987a83de1377aa88521c2e"",""blockNumber"":74673638,""blockTimestampMs"":1754679840000}]}"
TB4W3xWh2xYhE5ABx4C4ffnWQLpmpVmdcG,TRON,high_risk,usdt_blacklist,2026-09-23T05:07:32.488Z,0.9,"{""eventCount"":1,""events"":[{""txHash"":""27a20477c4a88264f8cc81f51dc81a89c491656d9a634dc9ef3dd741b15fb6e7"",""blockNumber"":75959838,""blockTimestampMs"":1758539595000}]}"
TB5J8W166YTUmtpUsy4XnNTKLVtesuE9eV,TRON,high_risk,ofac+usdt_blacklist,2026-09-23T05:07:32.488Z,1,"[{""source"":""usdt_blacklist"",""evidence"":{""eventCount"":1,""events"":[{""txHash"":""8d385bdb446114fa834e5e3818e3bcbbc3f0237386afa12a70a187495ae51d0d"",""blockNumber"":84074362,""blockTimestampMs"":1782892842000}]},""confidence"":0.9},{""source"":""ofac"",""evidence"":{""list"":""OFAC SDN digital-currency addresses"",""file"":""sanctioned_addresses_TRX.txt"",""repo"":""github.com/0xB10C/ofac-sanctioned-digital-currency-addresses""},""confidence"":1}]"
TB5jiQrXGwMiikK5PU4ipqmSTHVGzt8jab,TRON,high_risk,usdt_blacklist,2026-09-23T05:07:32.488Z,0.9,"{""eventCount"":1,""events"":[{""txHash"":""30ca4ee760de958fc5db8540a4d6929c896508ff6159b2e213ee7c9fbdd568f9"",""blockNumber"":73882588,""blockTimestampMs"":1752306030000}]}"
TB5KGKKvW16gNcTGKhFbXjFnCvxk1j8Njj,TRON,high_risk,usdt_blacklist,2026-09-23T05:07:32.488Z,0.9,"{""eventCount"":1,""events"":[{""txHash"":""c3b2aaa156c2500a07eb59a6c772b80065dc949725ca1a888e8783197401b29a"",""blockNumber"":82036532,""blockTimestampMs"":1776777450000}]}"
TB5UPBTtXYwwmSviWBkQcFM64o6R1CDXUY,TRON,high_risk,usdt_blacklist,2026-09-23T05:07:32.488Z,0.9,"{""eventCount"":1,""events"":[{""txHash"":""5a86f3b49be41398ac23110abc563e5e8797563c9df698fb5949df48555ba980"",""blockNumber"":78384151,""blockTimestampMs"":1765814628000}]}"
TB6agEwmYP71w9Tu5Wf8Gjtvraqz2NM2JA,TRON,high_risk,usdt_blacklist,2026-09-23T05:07:32.488Z,0.9,"{""eventCount"":1,""events"":[{""txHash"":""c36778462ca87c705a42f041627b1d13667f01c3a92ca171ee16975af16eae07"",""blockNumber"":78650886,""blockTimestampMs"":1766615397000}]}"
TB6kM9BfC6M5qeCFwB1JCKWESWuasG7HMB,TRON,high_risk,usdt_blacklist,2026-09-23T05:07:32.488Z,0.9,"{""eventCount"":1,""events"":[{""txHash"":""7f0bcbd69659b68d849a236fb72fc2acf82d590749003f672c757e4fd731bd11"",""blockNumber"":78600025,""blockTimestampMs"":1766462772000}]}"
TB6SSv5BeECF5CPc8Q6EbSFthk5SQfrkj2,TRON,high_risk,usdt_blacklist,2026-09-23T05:07:32.488Z,0.9,"{""eventCount"":1,""events"":[{""txHash"":""2ea52714ba67f78839f71f81ba82dd2e25c587466216d2f7ae2ae3424ceeada1"",""blockNumber"":81292115,""blockTimestampMs"":1774543566000}]}"
