address,chain,status,source,timestamp,activity_evidence,usdt_holder_evidence,exclusion_reason
T9yTYeLQ8WpV3ACucaEscLFXDBvaKNuK1m,TRON,included,tron_negative_sampling,2026-09-23T05:08:06.022Z,"{""txCount"":400,""lastActiveAt"":1790136792000,""createdAt"":1763544903000}","{""usdtTxCount"":400,""observedAt"":1790136792000,""sampleAmount"":""25159""}",
T9zjrtR2dwdy7foHeAHLPsuQXPmLYd92JE,TRON,included,tron_negative_sampling,2026-09-23T05:08:08.501Z,"{""txCount"":68,""lastActiveAt"":1772396721000,""createdAt"":1768333905000}","{""usdtTxCount"":68,""observedAt"":1772396721000,""sampleAmount"":""9121""}",
TA13sPmBv22EgyGTYaHZcaGtAxYTUgDs1i,TRON,included,tron_negative_sampling,2026-09-23T05:08:11.156Z,"{""txCount"":133,""lastActiveAt"":1772209842000,""createdAt"":1728421485000}","{""usdtTxCount"":133,""observedAt"":1772209842000,""sampleAmount"":""23614""}",
TA3eBKTHFA76mpjag1vik77hjL1TtrquW5,TRON,included,tron_negative_sampling,2026-09-23T05:08:13.855Z,"{""txCount"":359,""lastActiveAt"":1777929402000,""createdAt"":1761709479000}","{""usdtTxCount"":359,""observedAt"":1777929402000,""sampleAmount"":""39.863974""}",
TA3i7KHc6NtAVrjTHgfzvFXv76FYY3DYLL,TRON,included,tron_negative_sampling,2026-09-23T05:08:16.514Z,"{""txCount"":400,""lastActiveAt"":1789289196000,""createdAt"":1741430460000}","{""usdtTxCount"":400,""observedAt"":1789289196000,""sampleAmount"":""90""}",
TA5zZ7vaHuik3EYgCXrVuAnRY6V3t166Zz,TRON,included,tron_negative_sampling,2026-09-23T05:08:19.515Z,"{""txCount"":231,""lastActiveAt"":1777643844000,""createdAt"":1760422566000}","{""usdtTxCount"":231,""observedAt"":1777643844000,""sampleAmount"":""5052.54""}",
TA7u6FEnnvBNT4CBqHtzF3SWwy12eCznYN,TRON,included,tron_negative_sampling,2026-09-23T05:08:22.327Z,"{""txCount"":2,""lastActiveAt"":1764133266000,""createdAt"":1764133260000}","{""usdtTxCount"":2,""observedAt"":1764133266000,""sampleAmount"":""0.650001""}",
TA9p1Ay7aMkJYvvnG5hKzn3kXWLdciqnzz,TRON,included,tron_negative_sampling,2026-09-23T05:08:24.988Z,"{""txCount"":19,""lastActiveAt"":1725248919000,""createdAt"":1716217092000}","{""usdtTxCount"":19,""observedAt"":1725248919000,""sampleAmount"":""70.681388""}",
TAAfiFtA8GMMrWEkJNcaj9kj3BmLPygDwq,TRON,included,tron_negative_sampling,2026-09-23T05:08:27.635Z,"{""txCount"":400,""lastActiveAt"":1779070956000,""createdAt"":1772385765000}","{""usdtTxCount"":400,""observedAt"":1779070956000,""sampleAmount"":""14658""}",
TAKbywPqDZUjSssttfoHVwnCC2GS7nQ5Qg,TRON,included,tron_negative_sampling,2026-09-23T05:08:30.980Z,"{""txCount"":19,""lastActiveAt"":1783131525000,""createdAt"":1782435663000}","{""usdtTxCount"":19,""observedAt"":1783131525000,""sampleAmount"":""366600""}",
TALBDBU1p7SiFGEHmt6kakCLwdZSJFtDtX,TRON,included,tron_negative_sampling,2026-09-23T05:08:35.551Z,"{""txCount"":98,""lastActiveAt"":1789413291000,""createdAt"":1770414093000}","{""usdtTxCount"":98,""observedAt"":1789413291000,""sampleAmount"":""2900""}",
TAM9KB4JuGnHYzo4MCgSKNGdbBgkVdV1sV,TRON,included,tron_negative_sampling,2026-09-23T05:08:38.213Z,"{""txCount"":400,""lastActiveAt"":1771373193000,""createdAt"":1653800337000}","{""usdtTxCount"":400,""observedAt"":1771373193000,""sampleAmount"":""28""}",
TAQySma5ZpKNKgN1bYZ31ZhmfHwWFn1JXJ,TRON,included,tron_negative_sampling,2026-09-23T05:08:40.912Z,"{""txCount"":125,""lastActiveAt"":1789678230000,""createdAt"":1761581934000}","{""usdtTxCount"":125,""observedAt"":1789678230000,""sampleAmount"":""23430""}",
TAQyyxDWQ6Ed5dzEkGXQkvrccFu4Fn11XJ,TRON,included,tron_negative_sampling,2026-09-23T05:08:44.428Z,"{""txCount"":4,""lastActiveAt"":1770208695000,""createdAt"":1770208167000}","{""usdtTxCount"":4,""observedAt"":1770208695000,""sampleAmount"":""0.64009""}",
TARmrh7inEPiLvkzZiEm6vjWRheRzCrL5P,TRON,included,tron_negative_sampling,2026-09-23T05:08:47.263Z,"{""txCount"":400,""lastActiveAt"":1769974275000,""createdAt"":1673456235000}","{""usdtTxCount"":400,""observedAt"":1769974275000,""sampleAmount"":""300000""}",
TAUN6FwrnwwmaEqYcckffC7wYmbaS6cBiX,TRON,excluded,tron_negative_sampling,2026-09-23T05:08:50.742Z,{},{},tronscan flag: exchange_associated (Binance-Hot 1)
TAVHHswqRWgYaKv8awA5N45izD5ckYHpFd,TRON,included,tron_negative_sampling,2026-09-23T05:08:53.118Z,"{""txCount"":130,""lastActiveAt"":1759255254000,""createdAt"":1752576339000}","{""usdtTxCount"":130,""observedAt"":1759255254000,""sampleAmount"":""11634.5""}",
TAeZv6wvYjdDdTYW2MJZgeYroTqeHvqGUb,TRON,included,tron_negative_sampling,2026-09-23T05:08:55.488Z,"{""txCount"":400,""lastActiveAt"":1789825962000,""createdAt"":1731154329000}","{""usdtTxCount"":400,""observedAt"":1789825962000,""sampleAmount"":""2.073666""}",
TAh853HTUh4etBxLzRurk8UZ9eVXdE358o,TRON,included,tron_negative_sampling,2026-09-23T05:08:57.995Z,"{""txCount"":276,""lastActiveAt"":1787046378000,""createdAt"":1724768940000}","{""usdtTxCount"":276,""observedAt"":1787046378000,""sampleAmount"":""375588""}",
TAhEisAmymtvxys73jn3GMYzuDkb4bGb35,TRON,included,tron_negative_sampling,2026-09-23T05:09:00.140Z,"{""txCount"":125,""lastActiveAt"":1772281089000,""createdAt"":1771670574000}","{""usdtTxCount"":125,""observedAt"":1772281089000,""sampleAmount"":""29687.5""}",
TAi8BdKGgaTuTBzS6iZFgwTix6Prz3QT7L,TRON,included,tron_negative_sampling,2026-09-23T05:09:02.467Z,"{""txCount"":73,""lastActiveAt"":1773040662000,""createdAt"":1773031026000}","{""usdtTxCount"":73,""observedAt"":1773040662000,""sampleAmount"":""36984.46695""}",
TAjM4KodVao1pBU2jRwZrKaqzVi3TRDLP7,TRON,included,tron_negative_sampling,2026-09-23T05:09:04.707Z,"{""txCount"":12,""lastActiveAt"":1769587776000,""createdAt"":1747942287000}","{""usdtTxCount"":12,""observedAt"":1769587776000,""sampleAmount"":""500""}",
TAm3dbB4odCHaUki13waQAKeowyFgU1Q4F,TRON,included,tron_negative_sampling,2026-09-23T05:09:06.828Z,"{""txCount"":45,""lastActiveAt"":1759736100000,""createdAt"":1748077293000}","{""usdtTxCount"":45,""observedAt"":1759736100000,""sampleAmount"":""30000""}",
TAmzUL5uU7YqRm8r3WKysZg9SF6CeVKvBc,TRON,included,tron_negative_sampling,2026-09-23T05:09:10.387Z,"{""txCount"":185,""lastActiveAt"":1781807016000,""createdAt"":1736081610000}","{""usdtTxCount"":185,""observedAt"":1781807016000,""sampleAmount"":""16""}",
TAmzWBEB7HJVH1hwg2HtJ3i4wganA5rt9z,TRON,included,tron_negative_sampling,2026-09-23T05:09:13.101Z,"{""txCount"":400,""lastActiveAt"":1772260689000,""createdAt"":1760865789000}","{""usdtTxCount"":400,""observedAt"":1772260689000,""sampleAmount"":""24.000001""}",
TApayQxWTv93EsvnHhR6q2prKGhjhQmqGt,TRON,included,tron_negative_sampling,2026-09-23T05:09:16.851Z,"{""txCount"":206,""lastActiveAt"":1729201455000,""createdAt"":1729112076000}","{""usdtTxCount"":206,""observedAt"":1729201455000,""sampleAmount"":""5.676456""}",
TAxuvTVnS8LNTbqvtRito1iUKumDbftZfw,TRON,included,tron_negative_sampling,2026-09-23T05:09:20.763Z,"{""txCount"":400,""lastActiveAt"":1770994956000,""createdAt"":1768984743000}","{""usdtTxCount"":400,""observedAt"":1770994956000,""sampleAmount"":""2627""}",
TAxuyKkXRAwkTML6qGk4V7j6ehUbbftZfw,TRON,included,tron_negative_sampling,2026-09-23T05:09:24.154Z,"{""txCount"":36,""lastActiveAt"":1770909612000,""createdAt"":1770205941000}","{""usdtTxCount"":36,""observedAt"":1770909612000,""sampleAmount"":""2.999901""}",
TAzF8HhQqFsMnk1MLEXGaDAqAaFexW5zC7,TRON,included,tron_negative_sampling,2026-09-23T05:09:26.973Z,"{""txCount"":139,""lastActiveAt"":1786659996000,""createdAt"":1749457203000}","{""usdtTxCount"":139,""observedAt"":1786659996000,""sampleAmount"":""14970""}",
TAzPSKY5xZtU88UkWNtXsg3NNG3KydDM1g,TRON,included,tron_negative_sampling,2026-09-23T05:09:29.309Z,"{""txCount"":6,""lastActiveAt"":1771628145000,""createdAt"":1771627899000}","{""usdtTxCount"":6,""observedAt"":1771628145000,""sampleAmount"":""199994.238333""}",
TAzsQ9Gx8eqFNFSKbeXrbi45CuVPHzA8wr,TRON,excluded,tron_negative_sampling,2026-09-23T05:09:31.723Z,{},{},tronscan flag: exchange_associated (Binance-Hot 5)
TB1NYuVkCH2MQXN2MvCbcNbEQPrVf4kCSx,TRON,included,tron_negative_sampling,2026-09-23T05:09:32.981Z,"{""txCount"":19,""lastActiveAt"":1774615794000,""createdAt"":1768412886000}","{""usdtTxCount"":19,""observedAt"":1774615794000,""sampleAmount"":""1003.531282""}",
TB4DUUNwvqs7SYEkJKWnH7DAmYmvTXay2B,TRON,included,tron_negative_sampling,2026-09-23T05:09:35.423Z,"{""txCount"":4,""lastActiveAt"":1777011186000,""createdAt"":1777011099000}","{""usdtTxCount"":4,""observedAt"":1777011186000,""sampleAmount"":""45513.720325""}",
TB73ShfgSqVyakXyoMjNXN6Y7y6SBKWzWx,TRON,included,tron_negative_sampling,2026-09-23T05:09:37.604Z,"{""txCount"":400,""lastActiveAt"":1790139900000,""createdAt"":1724254926000}","{""usdtTxCount"":400,""observedAt"":1790139900000,""sampleAmount"":""5945.777769""}",
TB8PiTX9KcEpXKiZoW1AoUyNgyvr7wVwcj,TRON,included,tron_negative_sampling,2026-09-23T05:09:40.804Z,"{""txCount"":95,""lastActiveAt"":1764634479000,""createdAt"":1763022954000}","{""usdtTxCount"":95,""observedAt"":1764634479000,""sampleAmount"":""858.56832""}",
TB8qvmzwsGJhGc4qs5nr3Ud6sPdEF4m4AK,TRON,included,tron_negative_sampling,2026-09-23T05:09:43.387Z,"{""txCount"":79,""lastActiveAt"":1783853619000,""createdAt"":1705857984000}","{""usdtTxCount"":79,""observedAt"":1783853619000,""sampleAmount"":""13026""}",
TBBac1zABssYCDPwfbySrqjYLofcdcyovg,TRON,excluded,tron_negative_sampling,2026-09-23T05:09:45.789Z,{},{},tronscan flag: reported (Tronscan: fraud-transaction flag)
TBBaymBXk4yYPmzg1iXnKGaedrQPBcyovg,TRON,included,tron_negative_sampling,2026-09-23T05:09:46.904Z,"{""txCount"":330,""lastActiveAt"":1761744564000,""createdAt"":1716105708000}","{""usdtTxCount"":330,""observedAt"":1761744564000,""sampleAmount"":""956.7""}",
TBE6hWru4BS3pTgvDJucY3zmsQJs4VCCxu,TRON,included,tron_negative_sampling,2026-09-23T05:09:49.190Z,"{""txCount"":5,""lastActiveAt"":1721722425000,""createdAt"":1721681661000}","{""usdtTxCount"":5,""observedAt"":1721722425000,""sampleAmount"":""50""}",
TBETqZtM7dBNtEyqSfqqvzuYAx2iw7yauT,TRON,included,tron_negative_sampling,2026-09-23T05:09:51.656Z,"{""txCount"":400,""lastActiveAt"":1776208863000,""createdAt"":1687680138000}","{""usdtTxCount"":400,""observedAt"":1776208863000,""sampleAmount"":""4186""}",
TBGhZpRMvnoWC7rt6Jp2kpeTf9JrCXBuMv,TRON,included,tron_negative_sampling,2026-09-23T05:09:54.607Z,"{""txCount"":65,""lastActiveAt"":1779607101000,""createdAt"":1694953245000}","{""usdtTxCount"":65,""observedAt"":1779607101000,""sampleAmount"":""5""}",
TBJW1nRc63W21ARsTmNNF5faTHoXZP55pc,TRON,included,tron_negative_sampling,2026-09-23T05:09:56.674Z,"{""txCount"":400,""lastActiveAt"":1750676865000,""createdAt"":1726787049000}","{""usdtTxCount"":400,""observedAt"":1750676865000,""sampleAmount"":""34280.143343""}",
TBKvhtjnqXBZmGBqMNdXow4GVT7gqJ1ch3,TRON,included,tron_negative_sampling,2026-09-23T05:09:59.634Z,"{""txCount"":2,""lastActiveAt"":1769858940000,""createdAt"":1769858928000}","{""usdtTxCount"":2,""observedAt"":1769858940000,""sampleAmount"":""1.701""}",
TBKvoa4k4ccC2cZg1DQnVaua4nJgqJ1ch3,TRON,included,tron_negative_sampling,2026-09-23T05:10:01.870Z,"{""txCount"":257,""lastActiveAt"":1770236727000,""createdAt"":1763969355000}","{""usdtTxCount"":257,""observedAt"":1770236727000,""sampleAmount"":""93""}",
TBLLvQoEg9YHGTXvQuCdu5KBimeHKkEyix,TRON,included,tron_negative_sampling,2026-09-23T05:10:04.481Z,"{""txCount"":400,""lastActiveAt"":1786330836000,""createdAt"":1768130754000}","{""usdtTxCount"":400,""observedAt"":1786330836000,""sampleAmount"":""109141""}",
TBMwacn6z3V2tYJMietUAzktc8rqmQYe96,TRON,excluded,tron_negative_sampling,2026-09-23T05:10:07.592Z,{},{},tronscan flag: high_risk (Tether: stablecoin blacklist)
TBMzndY1bxcAbKcqcCrq3fhCUQtVpw7Gye,TRON,included,tron_negative_sampling,2026-09-23T05:10:08.797Z,"{""txCount"":264,""lastActiveAt"":1776255588000,""createdAt"":1762933746000}","{""usdtTxCount"":264,""observedAt"":1776255588000,""sampleAmount"":""19997.005126""}",
TBMznqYRP78FWHmAfBB49YZBxqpQpw7Gye,TRON,included,tron_negative_sampling,2026-09-23T05:10:11.600Z,"{""txCount"":6,""lastActiveAt"":1769632077000,""createdAt"":1768836729000}","{""usdtTxCount"":6,""observedAt"":1769632077000,""sampleAmount"":""0.70009""}",
TBVN1jR2DEwZJ7sQFJiDHNMJKYCS3BDfbC,TRON,included,tron_negative_sampling,2026-09-23T05:10:13.589Z,"{""txCount"":25,""lastActiveAt"":1783131651000,""createdAt"":1782240189000}","{""usdtTxCount"":25,""observedAt"":1783131651000,""sampleAmount"":""124199""}",
TBVhGk38Dm9tPKf36iu8cicNSaXzphoG6b,TRON,included,tron_negative_sampling,2026-09-23T05:10:16.015Z,"{""txCount"":3,""lastActiveAt"":1771628586000,""createdAt"":1771628577000}","{""usdtTxCount"":3,""observedAt"":1771628586000,""sampleAmount"":""499996.964288""}",
TBYRhsZR7Mdn9ezpGVLwZiNVnGm8wZGLAD,TRON,excluded,tron_negative_sampling,2026-09-23T05:10:18.087Z,{},{},tronscan flag: high_risk (Tether: stablecoin blacklist)
TBaKkLuR8DsLiDA6mDRWg2X3hH2jQgY8TR,TRON,included,tron_negative_sampling,2026-09-23T05:10:19.400Z,"{""txCount"":240,""lastActiveAt"":1790086791000,""createdAt"":1709713101000}","{""usdtTxCount"":240,""observedAt"":1790086791000,""sampleAmount"":""17000""}",
TBhZLrcTxRYg19nBSbmjP3ruKv2oVDQy9G,TRON,included,tron_negative_sampling,2026-09-23T05:10:23.066Z,"{""txCount"":112,""lastActiveAt"":1772644053000,""createdAt"":1768334418000}","{""usdtTxCount"":112,""observedAt"":1772644053000,""sampleAmount"":""41226""}",
TBhtd8xpAEZTWgGtZW6PYxxxxWwXYcsnQR,TRON,included,tron_negative_sampling,2026-09-23T05:10:25.373Z,"{""txCount"":400,""lastActiveAt"":1784383476000,""createdAt"":1730867529000}","{""usdtTxCount"":400,""observedAt"":1784383476000,""sampleAmount"":""94.4""}",
TBk29ML5vw5adKVESxwbAz6SYUdhKaVpmU,TRON,included,tron_negative_sampling,2026-09-23T05:10:28.218Z,"{""txCount"":4,""lastActiveAt"":1770221952000,""createdAt"":1770133389000}","{""usdtTxCount"":4,""observedAt"":1770221952000,""sampleAmount"":""0.71009""}",
TBk2XEuJZn7uZrMD5EuYewpYScyWKaVqmU,TRON,included,tron_negative_sampling,2026-09-23T05:10:30.248Z,"{""txCount"":44,""lastActiveAt"":1772901129000,""createdAt"":1769697519000}","{""usdtTxCount"":44,""observedAt"":1772901129000,""sampleAmount"":""980""}",
TBmp8gQmoLx4orG6TV9rgAxABiFSN4KKx1,TRON,included,tron_negative_sampling,2026-09-23T05:10:32.535Z,"{""txCount"":86,""lastActiveAt"":1780835571000,""createdAt"":null}","{""usdtTxCount"":86,""observedAt"":1780835571000,""sampleAmount"":""1900""}",
TBpGksMJCrLFJGU7wMf1YXiJDaTh14cRin,TRON,included,tron_negative_sampling,2026-09-23T05:10:34.790Z,"{""txCount"":34,""lastActiveAt"":1743060984000,""createdAt"":1734514536000}","{""usdtTxCount"":34,""observedAt"":1743060984000,""sampleAmount"":""16.66003""}",
TBpGyNzYVWJbVEMdrVeWUVmzopaUthDHxt,TRON,included,tron_negative_sampling,2026-09-23T05:10:36.893Z,"{""txCount"":400,""lastActiveAt"":1750676871000,""createdAt"":1727592249000}","{""usdtTxCount"":400,""observedAt"":1750676871000,""sampleAmount"":""11736.430956""}",
TBq3QTiwVyBYX8P6pugYXZuJsPHpCwJtTR,TRON,excluded,tron_negative_sampling,2026-09-23T05:10:39.251Z,{},{},tronscan flag: reported (Tronscan: fraud-transaction flag)
TBsr8nBezndJbHzJdpnfe7PkR8k8EutMNE,TRON,included,tron_negative_sampling,2026-09-23T05:10:40.430Z,"{""txCount"":3,""lastActiveAt"":1776860163000,""createdAt"":1776860082000}","{""usdtTxCount"":3,""observedAt"":1776860163000,""sampleAmount"":""27167""}",
TBtENunZ8VTRg9SbxH7SSixmGK5qLF8Bkr,TRON,included,tron_negative_sampling,2026-09-23T05:10:42.430Z,"{""txCount"":59,""lastActiveAt"":1744042944000,""createdAt"":1731884490000}","{""usdtTxCount"":59,""observedAt"":1744042944000,""sampleAmount"":""100""}",
TBtUHP4jFi1vXSJdyZbsantW1wvEZhYNLR,TRON,included,tron_negative_sampling,2026-09-23T05:10:44.644Z,"{""txCount"":3,""lastActiveAt"":1773675537000,""createdAt"":null}","{""usdtTxCount"":3,""observedAt"":1773675537000,""sampleAmount"":""388063""}",
TBw9T6J9jhL1rVtMrySq1rUFRaWFSzZ2w8,TRON,included,tron_negative_sampling,2026-09-23T05:10:46.719Z,"{""txCount"":370,""lastActiveAt"":1788250545000,""createdAt"":1689711918000}","{""usdtTxCount"":370,""observedAt"":1788250545000,""sampleAmount"":""2000""}",
TBxxCuTdMVrAhFszQyeWfRrZbmfaetZc9h,TRON,included,tron_negative_sampling,2026-09-23T05:10:49.519Z,"{""txCount"":400,""lastActiveAt"":1789057911000,""createdAt"":1761625902000}","{""usdtTxCount"":400,""observedAt"":1789057911000,""sampleAmount"":""146500""}",
TBzqEhqXrJc8az9ejFMETA8rHC9C1SgTrg,TRON,included,tron_negative_sampling,2026-09-23T05:10:51.945Z,"{""txCount"":13,""lastActiveAt"":1775336616000,""createdAt"":1772824266000}","{""usdtTxCount"":13,""observedAt"":1775336616000,""sampleAmount"":""395""}",
TC6T5LJoMWytro9kMyTwbXr5GS4k1yAuUJ,TRON,excluded,tron_negative_sampling,2026-09-23T05:10:54.397Z,{},{},tronscan flag: reported (Tronscan: fraud-transaction flag)
TC6X4hSHmwohCKkMjdfQsD5tnNMS1yAuUJ,TRON,included,tron_negative_sampling,2026-09-23T05:10:55.654Z,"{""txCount"":4,""lastActiveAt"":1766343957000,""createdAt"":1766248077000}","{""usdtTxCount"":4,""observedAt"":1766343957000,""sampleAmount"":""1""}",
TC6js9ryATCNNZqTfdyLVmGfJKpP1yAuUJ,TRON,excluded,tron_negative_sampling,2026-09-23T05:10:57.612Z,{},{},tronscan flag: reported (Tronscan: fraud-transaction flag)
TC6t37Z7j4sXGGrfk9fZC8gHsFqP1yAuUJ,TRON,excluded,tron_negative_sampling,2026-09-23T05:10:59.159Z,{},{},tronscan flag: reported (Tronscan: fraud-transaction flag)
TC6x3XBcz2ZL4oG2hd5cUfSCQyig1yAuUJ,TRON,included,tron_negative_sampling,2026-09-23T05:11:00.480Z,"{""txCount"":4,""lastActiveAt"":1760973969000,""createdAt"":1760885394000}","{""usdtTxCount"":4,""observedAt"":1760973969000,""sampleAmount"":""1.9248""}",
TC6x9FwZ8Sb2pYHALyEmSUV6VUxP1yAuUJ,TRON,included,tron_negative_sampling,2026-09-23T05:11:02.606Z,"{""txCount"":12,""lastActiveAt"":1767553050000,""createdAt"":1764163740000}","{""usdtTxCount"":12,""observedAt"":1767553050000,""sampleAmount"":""1.31333""}",
TC6xBJh6ZHHJvYdUhQ9VMd619RsP1yAuUJ,TRON,included,tron_negative_sampling,2026-09-23T05:11:04.763Z,"{""txCount"":400,""lastActiveAt"":1775329794000,""createdAt"":1741817229000}","{""usdtTxCount"":400,""observedAt"":1775329794000,""sampleAmount"":""402313.744493""}",
TC6xBY6mqFCzFemtm5jqfiRB468N1yAuUJ,TRON,included,tron_negative_sampling,2026-09-23T05:11:07.813Z,"{""txCount"":10,""lastActiveAt"":1771929225000,""createdAt"":1771012011000}","{""usdtTxCount"":10,""observedAt"":1771929225000,""sampleAmount"":""1.9237""}",
TC6xBfBfWW4xFtQnsrUrMMpJiAma1yAuUJ,TRON,excluded,tron_negative_sampling,2026-09-23T05:11:10.342Z,{},{},tronscan flag: reported (Tronscan: fraud-transaction flag)
TC6xBr4tfFtUuEnHV4qcYe1eHmH81yAuUJ,TRON,included,tron_negative_sampling,2026-09-23T05:11:11.666Z,"{""txCount"":12,""lastActiveAt"":1760183013000,""createdAt"":1758029283000}","{""usdtTxCount"":12,""observedAt"":1760183013000,""sampleAmount"":""1.44264""}",
TC6xXmgSseddiHNoLYDorn9zBwHJ1yAuUJ,TRON,included,tron_negative_sampling,2026-09-23T05:11:13.725Z,"{""txCount"":4,""lastActiveAt"":1766343972000,""createdAt"":1766248116000}","{""usdtTxCount"":4,""observedAt"":1766343972000,""sampleAmount"":""1""}",
TC6xbJW2jvvQHJo1ApbKTX9nYDiZ1yAuUJ,TRON,included,tron_negative_sampling,2026-09-23T05:11:15.863Z,"{""txCount"":34,""lastActiveAt"":1767871545000,""createdAt"":1760796288000}","{""usdtTxCount"":34,""observedAt"":1767871545000,""sampleAmount"":""1.30009""}",
TC6xoTGcWh6w8iqkBtpa9aWmwevB1yAuUJ,TRON,included,tron_negative_sampling,2026-09-23T05:11:18.184Z,"{""txCount"":2,""lastActiveAt"":1760615916000,""createdAt"":1760615904000}","{""usdtTxCount"":2,""observedAt"":1760615916000,""sampleAmount"":""1.023276""}",
TC6xsD6QhNfYFW2WVWifkKYiNXaN1yAuUJ,TRON,included,tron_negative_sampling,2026-09-23T05:11:20.598Z,"{""txCount"":4,""lastActiveAt"":1763479581000,""createdAt"":1763291703000}","{""usdtTxCount"":4,""observedAt"":1763479581000,""sampleAmount"":""1.6231""}",
TC7fTvU1YEwNYigrfb8CaUpuzBeP1yAuUJ,TRON,included,tron_negative_sampling,2026-09-23T05:11:22.914Z,"{""txCount"":2,""lastActiveAt"":1758029382000,""createdAt"":1758029352000}","{""usdtTxCount"":2,""observedAt"":1758029382000,""sampleAmount"":""1.25684""}",
TC8RxJj8mG1wuMhaQrXiAeBypAVPb3SKtm,TRON,included,tron_negative_sampling,2026-09-23T05:11:24.892Z,"{""txCount"":307,""lastActiveAt"":1758287676000,""createdAt"":1749242253000}","{""usdtTxCount"":307,""observedAt"":1758287676000,""sampleAmount"":""179913.161375""}",
TC96W9PwbwuTSpt6dF59nCYz9cXwQFLmXP,TRON,included,tron_negative_sampling,2026-09-23T05:11:27.409Z,"{""txCount"":162,""lastActiveAt"":1775495226000,""createdAt"":1738257975000}","{""usdtTxCount"":162,""observedAt"":1775495226000,""sampleAmount"":""9995""}",
TCDhxczif9EjXxkeJxvHFtLupKfPisw3Nu,TRON,included,tron_negative_sampling,2026-09-23T05:11:29.951Z,"{""txCount"":21,""lastActiveAt"":1782437571000,""createdAt"":1782189837000}","{""usdtTxCount"":21,""observedAt"":1782437571000,""sampleAmount"":""10496.65""}",
TCE3TdtWrLjrK84CdD7qocA2qAr7iZHYcT,TRON,included,tron_negative_sampling,2026-09-23T05:11:32.251Z,"{""txCount"":400,""lastActiveAt"":1777647993000,""createdAt"":1727891718000}","{""usdtTxCount"":400,""observedAt"":1777647993000,""sampleAmount"":""3001""}",
TCFNp179Lg46D16zKoumd4Poa2WFFdtqYj,TRON,excluded,tron_negative_sampling,2026-09-23T05:11:35.426Z,{},{},tronscan flag: reported (Tronscan: fraud-transaction flag)
TCFnNw1yzbYP2QyKqdGfXZjS9muye4edts,TRON,included,tron_negative_sampling,2026-09-23T05:11:37.179Z,"{""txCount"":342,""lastActiveAt"":1788968892000,""createdAt"":1766737599000}","{""usdtTxCount"":342,""observedAt"":1788968892000,""sampleAmount"":""300.86""}",
TCGN3tgCtAeP9SX6AYcj9GsQQZ3VNu5pgZ,TRON,included,tron_negative_sampling,2026-09-23T05:11:39.697Z,"{""txCount"":400,""lastActiveAt"":1789382322000,""createdAt"":1704284094000}","{""usdtTxCount"":400,""observedAt"":1789382322000,""sampleAmount"":""192.721711""}",
TCJYLzsb4B4Pj5hd95Xh2anLuSLwoT8mSA,TRON,included,tron_negative_sampling,2026-09-23T05:11:42.513Z,"{""txCount"":153,""lastActiveAt"":1731370932000,""createdAt"":1646430240000}","{""usdtTxCount"":153,""observedAt"":1731370932000,""sampleAmount"":""9998.15998""}",
TCLgK89AnXbC9rewvhNb9UgXCc2qJJpBXh,TRON,excluded,tron_negative_sampling,2026-09-23T05:11:44.679Z,{},{},tronscan flag: exchange_associated (Binance-Hot 10)
TCMnccFj2XDmQP2cz2Rg8EY25hKTNeG1nn,TRON,included,tron_negative_sampling,2026-09-23T05:11:45.920Z,"{""txCount"":143,""lastActiveAt"":1789643568000,""createdAt"":1761084765000}","{""usdtTxCount"":143,""observedAt"":1789643568000,""sampleAmount"":""600""}",
TCQwQjD3DnpSdjekGLeeFvSQWUqZmpARTH,TRON,included,tron_negative_sampling,2026-09-23T05:11:48.186Z,"{""txCount"":400,""lastActiveAt"":1750676820000,""createdAt"":1722151989000}","{""usdtTxCount"":400,""observedAt"":1750676820000,""sampleAmount"":""335.40311""}",
TCRN4tL69bENgscSAmxYML8y9nsP1yAuUJ,TRON,excluded,tron_negative_sampling,2026-09-23T05:11:50.680Z,{},{},tronscan flag: reported (Tronscan: fraud-transaction flag)
TCWJaooYd247snReNyp1K6FVcVFMDHxV9o,TRON,included,tron_negative_sampling,2026-09-23T05:11:51.829Z,"{""txCount"":92,""lastActiveAt"":1774861878000,""createdAt"":1745336190000}","{""usdtTxCount"":92,""observedAt"":1774861878000,""sampleAmount"":""1500""}",
TCXXqpZrSjSRGG4Ch869iuS9j9ugqRbdbu,TRON,included,tron_negative_sampling,2026-09-23T05:11:53.937Z,"{""txCount"":103,""lastActiveAt"":1770375522000,""createdAt"":1768056312000}","{""usdtTxCount"":103,""observedAt"":1770375522000,""sampleAmount"":""121532.976902""}",
TCdnQURGNhxsnMCKcPp2Z4fECa38jnQ6f3,TRON,included,tron_negative_sampling,2026-09-23T05:11:56.895Z,"{""txCount"":66,""lastActiveAt"":1769588562000,""createdAt"":1755241806000}","{""usdtTxCount"":66,""observedAt"":1769588562000,""sampleAmount"":""66176.268101""}",
TCei8aKVyGkkZHPqBuPBUVw7CyPDU7uspn,TRON,included,tron_negative_sampling,2026-09-23T05:11:59.389Z,"{""txCount"":2,""lastActiveAt"":1767246267000,""createdAt"":1767246255000}","{""usdtTxCount"":2,""observedAt"":1767246267000,""sampleAmount"":""2.3001""}",
TCeiDeAgJ3upoZC47Vw8yvsdigRGU7uspn,TRON,included,tron_negative_sampling,2026-09-23T05:12:01.523Z,"{""txCount"":8,""lastActiveAt"":1769166912000,""createdAt"":1763354913000}","{""usdtTxCount"":8,""observedAt"":1769166912000,""sampleAmount"":""3.3001""}",
TCeiG6UGKwgS9Gd8gWNd7F8MzDX2U7uspn,TRON,included,tron_negative_sampling,2026-09-23T05:12:04.012Z,"{""txCount"":244,""lastActiveAt"":1790097249000,""createdAt"":1758378063000}","{""usdtTxCount"":244,""observedAt"":1790097249000,""sampleAmount"":""200""}",
TCeiGBH8daAqG6LbcQQyzc1PrGKiU7uspn,TRON,included,tron_negative_sampling,2026-09-23T05:12:07.041Z,"{""txCount"":6,""lastActiveAt"":1769528133000,""createdAt"":1762799265000}","{""usdtTxCount"":6,""observedAt"":1769528133000,""sampleAmount"":""1.6359""}",
TCeiuV73fHWEUnwr2iqatYWPjB2PU7uspn,TRON,included,tron_negative_sampling,2026-09-23T05:12:09.890Z,"{""txCount"":6,""lastActiveAt"":1763223438000,""createdAt"":1763181465000}","{""usdtTxCount"":6,""observedAt"":1763223438000,""sampleAmount"":""1.21161""}",
TCmj9kHvZwM7NQW3Lz9eqgaHioAxWRyzVb,TRON,included,tron_negative_sampling,2026-09-23T05:12:11.819Z,"{""txCount"":354,""lastActiveAt"":1777956963000,""createdAt"":1684959639000}","{""usdtTxCount"":354,""observedAt"":1777956963000,""sampleAmount"":""83""}",
TCoh1cf6bSiRt7ZWTTF4niRnV2x1JJ2Kt4,TRON,included,tron_negative_sampling,2026-09-23T05:12:14.257Z,"{""txCount"":121,""lastActiveAt"":1772193414000,""createdAt"":1769791533000}","{""usdtTxCount"":121,""observedAt"":1772193414000,""sampleAmount"":""342.612666""}",
TCqgDt4ozSfQY3BQ1ReJCXJe6xGQBQF4XA,TRON,included,tron_negative_sampling,2026-09-23T05:12:16.614Z,"{""txCount"":4,""lastActiveAt"":1775337609000,""createdAt"":1775337555000}","{""usdtTxCount"":4,""observedAt"":1775337609000,""sampleAmount"":""10""}",
TCs2wV1MfDPycx16uqVKupUmErgbAwrCGm,TRON,included,tron_negative_sampling,2026-09-23T05:12:18.794Z,"{""txCount"":249,""lastActiveAt"":1773525954000,""createdAt"":1767653601000}","{""usdtTxCount"":249,""observedAt"":1773525954000,""sampleAmount"":""70348.82518""}",
TCtXVALNzumwYrd3MrnAS4eoAAdB5Nn5hF,TRON,excluded,tron_negative_sampling,2026-09-23T05:12:21.757Z,{},{},tronscan flag: high_risk (Tether: stablecoin blacklist)
TCthAebrmJvBGhiRwgqLnx4i2nFkkdfVoa,TRON,included,tron_negative_sampling,2026-09-23T05:12:23.184Z,"{""txCount"":3,""lastActiveAt"":1771628652000,""createdAt"":1771628640000}","{""usdtTxCount"":3,""observedAt"":1771628652000,""sampleAmount"":""499996.964288""}",
TD1D3HepGR7FWPN84tgLxSbBZEGhFK4x2A,TRON,included,tron_negative_sampling,2026-09-23T05:12:25.328Z,"{""txCount"":400,""lastActiveAt"":1777294428000,""createdAt"":1772710224000}","{""usdtTxCount"":400,""observedAt"":1777294428000,""sampleAmount"":""879.856979""}",
TD2kcJsTSpJa5KqWKYgabfSG3wzHmjLtMn,TRON,included,tron_negative_sampling,2026-09-23T05:12:28.317Z,"{""txCount"":400,""lastActiveAt"":1783308402000,""createdAt"":1735120959000}","{""usdtTxCount"":400,""observedAt"":1783308402000,""sampleAmount"":""100""}",
TD37sCpu8WsYXUJXH5agMVRJuhbSUJNH1Y,TRON,included,tron_negative_sampling,2026-09-23T05:12:31.219Z,"{""txCount"":97,""lastActiveAt"":1770111771000,""createdAt"":1765052169000}","{""usdtTxCount"":97,""observedAt"":1770111771000,""sampleAmount"":""60000""}",
TDF5xc4aEXncnrdPf7oeTFXkT9yNB2vjKa,TRON,included,tron_negative_sampling,2026-09-23T05:12:33.846Z,"{""txCount"":9,""lastActiveAt"":1764201657000,""createdAt"":1762996902000}","{""usdtTxCount"":9,""observedAt"":1764201657000,""sampleAmount"":""2709.593808""}",
TDFvZw3TbkdLXWvQUonrMAfKTkat5RXrnV,TRON,included,tron_negative_sampling,2026-09-23T05:12:36.079Z,"{""txCount"":400,""lastActiveAt"":1750676907000,""createdAt"":1733563932000}","{""usdtTxCount"":400,""observedAt"":1750676907000,""sampleAmount"":""25739.484464""}",
TDGmfU9a5sjBhSD1S87JDEnNUEthvqe4DK,TRON,included,tron_negative_sampling,2026-09-23T05:12:38.596Z,"{""txCount"":400,""lastActiveAt"":1788762174000,""createdAt"":1701173784000}","{""usdtTxCount"":400,""observedAt"":1788762174000,""sampleAmount"":""72500""}",
TDGmfUmQHeTDdqfVkttBp5UdV6QSvqe4DK,TRON,included,tron_negative_sampling,2026-09-23T05:12:41.298Z,"{""txCount"":6,""lastActiveAt"":1788357195000,""createdAt"":1781756631000}","{""usdtTxCount"":6,""observedAt"":1788357195000,""sampleAmount"":""3.01""}",
TDLA54VyhR5giYjzBjUZ6dhBYGT4daVUSr,TRON,included,tron_negative_sampling,2026-09-23T05:12:43.284Z,"{""txCount"":400,""lastActiveAt"":1790092482000,""createdAt"":1763488974000}","{""usdtTxCount"":400,""observedAt"":1790092482000,""sampleAmount"":""700""}",
TDMcBxt8UTNavH6WtPqEvbXuhLSiwvrvk8,TRON,included,tron_negative_sampling,2026-09-23T05:12:46.083Z,"{""txCount"":399,""lastActiveAt"":1773009354000,""createdAt"":1733857440000}","{""usdtTxCount"":399,""observedAt"":1773009354000,""sampleAmount"":""40""}",
TDMrrTGLYYKQfDa6kuwYGnWruhEpN9ru3i,TRON,included,tron_negative_sampling,2026-09-23T05:12:48.391Z,"{""txCount"":110,""lastActiveAt"":1764844566000,""createdAt"":1756198230000}","{""usdtTxCount"":110,""observedAt"":1764844566000,""sampleAmount"":""178.569544""}",
TDPK9NKvEwp8J6b6MqioP1B2a7Bxz5N7P9,TRON,included,tron_negative_sampling,2026-09-23T05:12:50.768Z,"{""txCount"":155,""lastActiveAt"":1773868479000,""createdAt"":1762393350000}","{""usdtTxCount"":155,""observedAt"":1773868479000,""sampleAmount"":""8161.893736""}",
TDPzJokhv9jhnhsa6WdVimGbZFutTLhFXN,TRON,included,tron_negative_sampling,2026-09-23T05:12:53.406Z,"{""txCount"":400,""lastActiveAt"":1790085303000,""createdAt"":1760631777000}","{""usdtTxCount"":400,""observedAt"":1790085303000,""sampleAmount"":""1058""}",
TDRgTduMiuDkYQeeMCqZoCFxBFpnxw14WH,TRON,excluded,tron_negative_sampling,2026-09-23T05:12:56.480Z,{},{},tronscan flag: high_risk (Tether: stablecoin blacklist)
TDRstDRiCnx85RqayU1jeXfTZLY4PHmrGq,TRON,included,tron_negative_sampling,2026-09-23T05:12:57.867Z,"{""txCount"":400,""lastActiveAt"":1790082660000,""createdAt"":1736092773000}","{""usdtTxCount"":400,""observedAt"":1790082660000,""sampleAmount"":""159900""}",
TDXNC76JA75WekpCiRDiY9ezjeMTgXTLTN,TRON,included,tron_negative_sampling,2026-09-23T05:13:01.003Z,"{""txCount"":400,""lastActiveAt"":1774967691000,""createdAt"":1754043696000}","{""usdtTxCount"":400,""observedAt"":1774967691000,""sampleAmount"":""183234""}",
TDZa22qif7S2tRnZf1AfkSUzs4gAQD6Dyc,TRON,included,tron_negative_sampling,2026-09-23T05:13:03.886Z,"{""txCount"":399,""lastActiveAt"":1788217236000,""createdAt"":1744113003000}","{""usdtTxCount"":399,""observedAt"":1788217236000,""sampleAmount"":""245""}",
TDd7coWrGnFfAS5TPYMJykv4vVxr2ymNYN,TRON,included,tron_negative_sampling,2026-09-23T05:13:06.311Z,"{""txCount"":201,""lastActiveAt"":1775737284000,""createdAt"":1758352968000}","{""usdtTxCount"":201,""observedAt"":1775737284000,""sampleAmount"":""100000""}",
TDf5jiviaKQgqNH9mp9W19u2CYuAdd3fQy,TRON,included,tron_negative_sampling,2026-09-23T05:13:09.101Z,"{""txCount"":64,""lastActiveAt"":1778188557000,""createdAt"":1775939496000}","{""usdtTxCount"":64,""observedAt"":1778188557000,""sampleAmount"":""30.75""}",
TDidusdisVNiwRpxhaaqJkv92rdqbNuMUg,TRON,included,tron_negative_sampling,2026-09-23T05:13:11.562Z,"{""txCount"":21,""lastActiveAt"":1773249174000,""createdAt"":1769705040000}","{""usdtTxCount"":21,""observedAt"":1773249174000,""sampleAmount"":""4545""}",
TDii6vao7xyWg2rKPbCPWVRpSmne8xcqYx,TRON,included,tron_negative_sampling,2026-09-23T05:13:13.843Z,"{""txCount"":400,""lastActiveAt"":1790140335000,""createdAt"":1686645708000}","{""usdtTxCount"":400,""observedAt"":1790140335000,""sampleAmount"":""3316.042396""}",
TDkJqivn6ejMr1ye48K7XLSanUbUK3Cp3R,TRON,included,tron_negative_sampling,2026-09-23T05:13:16.517Z,"{""txCount"":400,""lastActiveAt"":1790069778000,""createdAt"":1762337577000}","{""usdtTxCount"":400,""observedAt"":1790069778000,""sampleAmount"":""10""}",
TDknsBSnmvg2rHBLgB3j59r7JyMgZtRdBq,TRON,included,tron_negative_sampling,2026-09-23T05:13:19.318Z,"{""txCount"":13,""lastActiveAt"":1762192665000,""createdAt"":1762146264000}","{""usdtTxCount"":13,""observedAt"":1762192665000,""sampleAmount"":""6.3""}",
TDoAaXdNRzT41BpD9HesgdN2JX9VTBm45E,TRON,included,tron_negative_sampling,2026-09-23T05:13:21.462Z,"{""txCount"":4,""lastActiveAt"":1777102923000,""createdAt"":1777011237000}","{""usdtTxCount"":4,""observedAt"":1777102923000,""sampleAmount"":""250""}",
TDpVjhYrPAMj9g4E89toE5GHmpfXnAcP3x,TRON,included,tron_negative_sampling,2026-09-23T05:13:23.416Z,"{""txCount"":145,""lastActiveAt"":1772114298000,""createdAt"":1764768366000}","{""usdtTxCount"":145,""observedAt"":1772114298000,""sampleAmount"":""173331.722404""}",
TDpVjsKQywEKXX2bQ1DSwX5qf1m5nAcP3x,TRON,excluded,tron_negative_sampling,2026-09-23T05:13:25.676Z,{},{},tronscan flag: reported (Tronscan: fraud-transaction flag)
TDqSquXBgUCLYvYC4XZgrprLK589dkhSCf,TRON,excluded,tron_negative_sampling,2026-09-23T05:13:27.054Z,{},{},tronscan flag: exchange_associated (Binance-Hot 7)
TDs7Y1KySfhKdKrGXbbh1PabLnYmmNcJLG,TRON,included,tron_negative_sampling,2026-09-23T05:13:28.474Z,"{""txCount"":197,""lastActiveAt"":1789644564000,""createdAt"":1743319908000}","{""usdtTxCount"":197,""observedAt"":1789644564000,""sampleAmount"":""22540""}",
TDtAsQqHrLmukiwmBuZaZv3ADpBdLVv1QA,TRON,included,tron_negative_sampling,2026-09-23T05:13:31.044Z,"{""txCount"":35,""lastActiveAt"":1762555974000,""createdAt"":1660045215000}","{""usdtTxCount"":35,""observedAt"":1762555974000,""sampleAmount"":""95""}",
TDuHhohRscxddD4sj311LTKkWrVjXEsk2g,TRON,included,tron_negative_sampling,2026-09-23T05:13:34.347Z,"{""txCount"":73,""lastActiveAt"":1774428294000,""createdAt"":1772222694000}","{""usdtTxCount"":73,""observedAt"":1774428294000,""sampleAmount"":""40""}",
TDuHrqTGpPUcuqbyKZ2kmnQ7pvNHXEsk2g,TRON,included,tron_negative_sampling,2026-09-23T05:13:36.716Z,"{""txCount"":6,""lastActiveAt"":1772710299000,""createdAt"":1772626626000}","{""usdtTxCount"":6,""observedAt"":1772710299000,""sampleAmount"":""1.5001""}",
TDwqVusqe6TZwz5MCn9cdTKeNxGxjQwmaz,TRON,included,tron_negative_sampling,2026-09-23T05:13:39.035Z,"{""txCount"":400,""lastActiveAt"":1784442198000,""createdAt"":1729852611000}","{""usdtTxCount"":400,""observedAt"":1784442198000,""sampleAmount"":""5255""}",
TDzofubupSv3WNMADD1TJrjvsDZ44ZDkvp,TRON,included,tron_negative_sampling,2026-09-23T05:13:41.435Z,"{""txCount"":125,""lastActiveAt"":1779742065000,""createdAt"":1754564349000}","{""usdtTxCount"":125,""observedAt"":1779742065000,""sampleAmount"":""345365.001877""}",
TE1AibaVRgw74qadYfHDJT9HwhS8pqr3oD,TRON,included,tron_negative_sampling,2026-09-23T05:13:43.719Z,"{""txCount"":81,""lastActiveAt"":1764256476000,""createdAt"":1760651790000}","{""usdtTxCount"":81,""observedAt"":1764256476000,""sampleAmount"":""117.095731""}",
TE3PT99fFzp4gQ4etJQTDP54r2438qMbrJ,TRON,included,tron_negative_sampling,2026-09-23T05:13:45.831Z,"{""txCount"":400,""lastActiveAt"":1784040639000,""createdAt"":1748245038000}","{""usdtTxCount"":400,""observedAt"":1784040639000,""sampleAmount"":""70000""}",
TE6N7nBTUK39kmH9nQjeQQYT982YK9xiY7,TRON,included,tron_negative_sampling,2026-09-23T05:13:48.563Z,"{""txCount"":197,""lastActiveAt"":1778345901000,""createdAt"":1721827971000}","{""usdtTxCount"":197,""observedAt"":1778345901000,""sampleAmount"":""131.980344""}",
TE7sNxLGg1y3ZeF8V8QvGtJBd9uJEnSWPk,TRON,included,tron_negative_sampling,2026-09-23T05:13:50.854Z,"{""txCount"":392,""lastActiveAt"":1790012655000,""createdAt"":1764597192000}","{""usdtTxCount"":392,""observedAt"":1790012655000,""sampleAmount"":""2090""}",
TE9xKVdRTE466tcBeCQNtUHNbix7mioFti,TRON,included,tron_negative_sampling,2026-09-23T05:13:53.320Z,"{""txCount"":400,""lastActiveAt"":1790137311000,""createdAt"":1698329622000}","{""usdtTxCount"":400,""observedAt"":1790137311000,""sampleAmount"":""60000""}",
TEBbaQcdHit777KVGjoXNbBe9a23HH8X1r,TRON,included,tron_negative_sampling,2026-09-23T05:13:55.476Z,"{""txCount"":32,""lastActiveAt"":1770030042000,""createdAt"":1760802543000}","{""usdtTxCount"":32,""observedAt"":1770030042000,""sampleAmount"":""2.5""}",
TEBbaoNE8yNbmV1vnPq5itk4Cta5HH8X1r,TRON,included,tron_negative_sampling,2026-09-23T05:13:57.382Z,"{""txCount"":129,""lastActiveAt"":1771931643000,""createdAt"":1759769499000}","{""usdtTxCount"":129,""observedAt"":1771931643000,""sampleAmount"":""50""}",
TEETbffm9YDKPompf48ogemSFjMqwVUKsM,TRON,included,tron_negative_sampling,2026-09-23T05:13:59.414Z,"{""txCount"":218,""lastActiveAt"":1790138772000,""createdAt"":1781592351000}","{""usdtTxCount"":218,""observedAt"":1790138772000,""sampleAmount"":""181.9""}",
TEHB5jnj8daXgSKy8bb4nzqMQbpDXekuoJ,TRON,excluded,tron_negative_sampling,2026-09-23T05:14:02.082Z,{},{},tronscan flag: reported (Tronscan: fraud-transaction flag)
TEPFhwhYoKdq45FowRsVqub7nYn561JPPE,TRON,included,tron_negative_sampling,2026-09-23T05:14:03.218Z,"{""txCount"":122,""lastActiveAt"":1772258568000,""createdAt"":1745181567000}","{""usdtTxCount"":122,""observedAt"":1772258568000,""sampleAmount"":""17700""}",
TEPSrSYPDSQ7yXpMFPq91Fb1QEWpMkRGfn,TRON,excluded,tron_negative_sampling,2026-09-23T05:14:05.746Z,{},{},tronscan flag: exchange_associated (MXC)
TEW4Tgacp6Wid6LEafG6srvX2yvBxiCL4v,TRON,included,tron_negative_sampling,2026-09-23T05:14:07.319Z,"{""txCount"":400,""lastActiveAt"":1750676802000,""createdAt"":1720939149000}","{""usdtTxCount"":400,""observedAt"":1750676802000,""sampleAmount"":""7184.65""}",
TEYqCxi2EqmUSGFJq3jXzZmufExB4ZSBk5,TRON,included,tron_negative_sampling,2026-09-23T05:14:10.705Z,"{""txCount"":62,""lastActiveAt"":1783099710000,""createdAt"":null}","{""usdtTxCount"":62,""observedAt"":1783099710000,""sampleAmount"":""403828.072128""}",
TEYxRueiPPjuKtqRToYYfjK6zrxt8mjgTJ,TRON,included,tron_negative_sampling,2026-09-23T05:14:12.869Z,"{""txCount"":226,""lastActiveAt"":1789647987000,""createdAt"":1739819316000}","{""usdtTxCount"":226,""observedAt"":1789647987000,""sampleAmount"":""1123""}",
TEoxiuPsHuLxztX7r3bK3W1b4r2nqUwBqN,TRON,included,tron_negative_sampling,2026-09-23T05:14:15.048Z,"{""txCount"":51,""lastActiveAt"":1781921163000,""createdAt"":1766800029000}","{""usdtTxCount"":51,""observedAt"":1781921163000,""sampleAmount"":""6000""}",
TEtGZkBtJT5MCzRREMgRfDbeKRc6KbkqpG,TRON,included,tron_negative_sampling,2026-09-23T05:14:17.535Z,"{""txCount"":400,""lastActiveAt"":1788964473000,""createdAt"":1765035477000}","{""usdtTxCount"":400,""observedAt"":1788964473000,""sampleAmount"":""2018.6375""}",
TEu6DqWH4GGzw2VVvfnJjNmnyvgRyBb66Q,TRON,included,tron_negative_sampling,2026-09-23T05:14:20.138Z,"{""txCount"":400,""lastActiveAt"":1785591735000,""createdAt"":1683519429000}","{""usdtTxCount"":400,""observedAt"":1785591735000,""sampleAmount"":""2400""}",
TEuN1noCmQpt6T69fhySayvF9rfixghJS5,TRON,included,tron_negative_sampling,2026-09-23T05:14:23.150Z,"{""txCount"":263,""lastActiveAt"":1770910743000,""createdAt"":1767035541000}","{""usdtTxCount"":263,""observedAt"":1770910743000,""sampleAmount"":""157""}",
TEyCGkLpqpRyxftyhhXr66feWvFa8rGuB2,TRON,included,tron_negative_sampling,2026-09-23T05:14:25.890Z,"{""txCount"":116,""lastActiveAt"":1771848900000,""createdAt"":1769865972000}","{""usdtTxCount"":116,""observedAt"":1771848900000,""sampleAmount"":""49595""}",
TF1sjyBHGXTZYgcrp9BSaCNQNQxSfoRUvF,TRON,included,tron_negative_sampling,2026-09-23T05:14:28.304Z,"{""txCount"":61,""lastActiveAt"":1769691339000,""createdAt"":1754464611000}","{""usdtTxCount"":61,""observedAt"":1769691339000,""sampleAmount"":""1.95056""}",
TF1sjyRyEnsH7zpE5fpwFgHPfATqfoRUvF,TRON,included,tron_negative_sampling,2026-09-23T05:14:30.669Z,"{""txCount"":400,""lastActiveAt"":1788338034000,""createdAt"":1749816168000}","{""usdtTxCount"":400,""observedAt"":1788338034000,""sampleAmount"":""100000""}",
TF6bBnKJNfxzZRYQrKKaLj9QchJ4DEBtD9,TRON,included,tron_negative_sampling,2026-09-23T05:14:33.634Z,"{""txCount"":2,""lastActiveAt"":1765690563000,""createdAt"":1765690554000}","{""usdtTxCount"":2,""observedAt"":1765690563000,""sampleAmount"":""2.01""}",
TF7C7ahYzYYi32X82yXhaW2ps8HTVkksHN,TRON,included,tron_negative_sampling,2026-09-23T05:14:36.387Z,"{""txCount"":2,""lastActiveAt"":1771664223000,""createdAt"":1771664214000}","{""usdtTxCount"":2,""observedAt"":1771664223000,""sampleAmount"":""4.00001""}",
TF7Kaf1QMk8kkJTuhNMZVqvzP1LpkhbL8g,TRON,included,tron_negative_sampling,2026-09-23T05:14:38.633Z,"{""txCount"":221,""lastActiveAt"":1771793673000,""createdAt"":1766982111000}","{""usdtTxCount"":221,""observedAt"":1771793673000,""sampleAmount"":""289800""}",
TF8cqJ7fyPyMUvjTS7vrdUVSNVZ5Dxm35A,TRON,included,tron_negative_sampling,2026-09-23T05:14:41.368Z,"{""txCount"":400,""lastActiveAt"":1787328225000,""createdAt"":1724757648000}","{""usdtTxCount"":400,""observedAt"":1787328225000,""sampleAmount"":""18""}",
TF8eGDd2DnW9kzN1CgwZPoS1BCUSWXCQ2Y,TRON,included,tron_negative_sampling,2026-09-23T05:14:43.986Z,"{""txCount"":15,""lastActiveAt"":1782957417000,""createdAt"":1782240531000}","{""usdtTxCount"":15,""observedAt"":1782957417000,""sampleAmount"":""134000""}",
TF9wL4awgXwnWZuHPxujjafQiUPYFC7Yv3,TRON,included,tron_negative_sampling,2026-09-23T05:14:45.985Z,"{""txCount"":28,""lastActiveAt"":1773837588000,""createdAt"":1772118039000}","{""usdtTxCount"":28,""observedAt"":1773837588000,""sampleAmount"":""114225""}",
TFB7LM8Pc5zpjmGxMvhcMtQ6bQSQVY8wM3,TRON,included,tron_negative_sampling,2026-09-23T05:14:48.436Z,"{""txCount"":132,""lastActiveAt"":1765610007000,""createdAt"":1759738299000}","{""usdtTxCount"":132,""observedAt"":1765610007000,""sampleAmount"":""298277.234896""}",
TFEHL7Dy1ou21rdLPqVN2ErwUuev9v1mup,TRON,included,tron_negative_sampling,2026-09-23T05:14:50.675Z,"{""txCount"":4,""lastActiveAt"":1770906696000,""createdAt"":1770815562000}","{""usdtTxCount"":4,""observedAt"":1770906696000,""sampleAmount"":""1.50001""}",
TFEHLgBD63dbzmvPefxZYT6STyTR9v1mup,TRON,included,tron_negative_sampling,2026-09-23T05:14:52.653Z,"{""txCount"":186,""lastActiveAt"":1770908295000,""createdAt"":1770032433000}","{""usdtTxCount"":186,""observedAt"":1770908295000,""sampleAmount"":""153205""}",
TFEmgxfbuVuLEwr3aVBWbNKjcY78b9fYKC,TRON,included,tron_negative_sampling,2026-09-23T05:14:55.170Z,"{""txCount"":400,""lastActiveAt"":1667815764000,""createdAt"":1640134767000}","{""usdtTxCount"":400,""observedAt"":1667815764000,""sampleAmount"":""369216""}",
TFG6g7JtLJKSL4oKBJPHYuVwgyue2MSP3H,TRON,included,tron_negative_sampling,2026-09-23T05:14:57.842Z,"{""txCount"":2,""lastActiveAt"":1776381441000,""createdAt"":1776381432000}","{""usdtTxCount"":2,""observedAt"":1776381441000,""sampleAmount"":""1.7501""}",
TFG6gPgBsPjk2Af6wNsxDhWsVzof2MSP3H,TRON,included,tron_negative_sampling,2026-09-23T05:15:00.285Z,"{""txCount"":6,""lastActiveAt"":1775314725000,""createdAt"":1772645721000}","{""usdtTxCount"":6,""observedAt"":1775314725000,""sampleAmount"":""0.65301""}",
TFG6geda8ic9bFmFbhLDyEhvJH8x2MSP3H,TRON,included,tron_negative_sampling,2026-09-23T05:15:02.219Z,"{""txCount"":68,""lastActiveAt"":1784854866000,""createdAt"":1730377443000}","{""usdtTxCount"":68,""observedAt"":1784854866000,""sampleAmount"":""998""}",
TFP4fXjsQJaja9t657rZRniCNykfe6G2R5,TRON,included,tron_negative_sampling,2026-09-23T05:15:04.244Z,"{""txCount"":400,""lastActiveAt"":1750676862000,""createdAt"":1725692109000}","{""usdtTxCount"":400,""observedAt"":1750676862000,""sampleAmount"":""236.014925""}",
TFTWNgDBkQ5wQoP8RXpRznnHvAVV8x5jLu,TRON,excluded,tron_negative_sampling,2026-09-23T05:15:06.857Z,{},{},tronscan flag: exchange_associated (HTX 4)
TFU8gByLNmwGopopM6hdYJ9q4Xijj1BVxf,TRON,included,tron_negative_sampling,2026-09-23T05:15:08.336Z,"{""txCount"":315,""lastActiveAt"":1769865858000,""createdAt"":1764929544000}","{""usdtTxCount"":315,""observedAt"":1769865858000,""sampleAmount"":""4""}",
TFZ6WhWvteWSFDUuDexhXNBUVPhcYGmc6u,TRON,included,tron_negative_sampling,2026-09-23T05:15:10.949Z,"{""txCount"":2,""lastActiveAt"":1770034410000,""createdAt"":1770034398000}","{""usdtTxCount"":2,""observedAt"":1770034410000,""sampleAmount"":""2.00009""}",
TFZ6hnYntEE3bwwynzrLWgAsYenUYGmc6u,TRON,included,tron_negative_sampling,2026-09-23T05:15:13.721Z,"{""txCount"":231,""lastActiveAt"":1770790914000,""createdAt"":1769765769000}","{""usdtTxCount"":231,""observedAt"":1770790914000,""sampleAmount"":""45061.37284""}",
TFa22kZtwkyLZsNvTZhNJafPRxS1MQZY5e,TRON,included,tron_negative_sampling,2026-09-23T05:15:16.203Z,"{""txCount"":9,""lastActiveAt"":1638646824000,""createdAt"":1634723994000}","{""usdtTxCount"":9,""observedAt"":1638646824000,""sampleAmount"":""2496""}",
TFaLks73dAeqQ4iR3um8dNfddFYpxcymF3,TRON,included,tron_negative_sampling,2026-09-23T05:15:18.318Z,"{""txCount"":2,""lastActiveAt"":1770722082000,""createdAt"":1770722073000}","{""usdtTxCount"":2,""observedAt"":1770722082000,""sampleAmount"":""0.75585""}",
TFaLxGxkrtyGKrxezkMDVH7L2cD2xcymF3,TRON,included,tron_negative_sampling,2026-09-23T05:15:20.703Z,"{""txCount"":243,""lastActiveAt"":1789998912000,""createdAt"":1770568716000}","{""usdtTxCount"":243,""observedAt"":1789998912000,""sampleAmount"":""200""}",
TFkGoCjrHkHfUL27s9TwgbY7zhqVtBEjQK,TRON,included,tron_negative_sampling,2026-09-23T05:15:23.119Z,"{""txCount"":400,""lastActiveAt"":1787584569000,""createdAt"":1747129347000}","{""usdtTxCount"":400,""observedAt"":1787584569000,""sampleAmount"":""3365""}",
TFoGLCnDBKD8X69UEEa6cusWFSCi8fpq8Z,TRON,included,tron_negative_sampling,2026-09-23T05:15:25.752Z,"{""txCount"":34,""lastActiveAt"":1781107842000,""createdAt"":1762450983000}","{""usdtTxCount"":34,""observedAt"":1781107842000,""sampleAmount"":""424938""}",
TFoGLxAR65cLhy2i9Pca5zUk8rEL8fpq8Z,TRON,included,tron_negative_sampling,2026-09-23T05:15:27.951Z,"{""txCount"":4,""lastActiveAt"":1769786838000,""createdAt"":1769783253000}","{""usdtTxCount"":4,""observedAt"":1769786838000,""sampleAmount"":""1.28001""}",
TFqXJNU6saJAeNn1rD1sCWjTfiw97AbPJJ,TRON,included,tron_negative_sampling,2026-09-23T05:15:30.566Z,"{""txCount"":103,""lastActiveAt"":1775041035000,""createdAt"":1771754763000}","{""usdtTxCount"":103,""observedAt"":1775041035000,""sampleAmount"":""819.790788""}",
TFtjGEJJoR5PPebWQboPsW2QtYcqVkksHN,TRON,included,tron_negative_sampling,2026-09-23T05:15:32.669Z,"{""txCount"":53,""lastActiveAt"":1772195298000,""createdAt"":1771500030000}","{""usdtTxCount"":53,""observedAt"":1772195298000,""sampleAmount"":""26523""}",
TG32ocYgQEUJyUewCqEQLxAjh4iVdTSnZQ,TRON,included,tron_negative_sampling,2026-09-23T05:15:35.070Z,"{""txCount"":26,""lastActiveAt"":1777272306000,""createdAt"":1775635737000}","{""usdtTxCount"":26,""observedAt"":1777272306000,""sampleAmount"":""178.010684""}",
TG41Ep54GRui5Nn3LzyXsBchxnrkiZxpAD,TRON,included,tron_negative_sampling,2026-09-23T05:15:37.199Z,"{""txCount"":239,""lastActiveAt"":1778660469000,""createdAt"":1754497731000}","{""usdtTxCount"":239,""observedAt"":1778660469000,""sampleAmount"":""8819""}",
TG9dRYPZHW7JRpk9LYcYHSdrkmruVqRUgi,TRON,included,tron_negative_sampling,2026-09-23T05:15:39.854Z,"{""txCount"":8,""lastActiveAt"":1769706267000,""createdAt"":1769614557000}","{""usdtTxCount"":8,""observedAt"":1769706267000,""sampleAmount"":""100000""}",
TGADtKQ3DDUJJzZnX3mf9WgkkSNARyXRSi,TRON,included,tron_negative_sampling,2026-09-23T05:15:42.218Z,"{""txCount"":400,""lastActiveAt"":1790100348000,""createdAt"":1678386270000}","{""usdtTxCount"":400,""observedAt"":1790100348000,""sampleAmount"":""2640.5""}",
TGCpsr23a6yAwHVCXnGftek3AHTQU4W9x3,TRON,included,tron_negative_sampling,2026-09-23T05:15:45.020Z,"{""txCount"":362,""lastActiveAt"":1790067384000,""createdAt"":1685483586000}","{""usdtTxCount"":362,""observedAt"":1790067384000,""sampleAmount"":""4000""}",
TGCuZiWWoV1KFy36LzntUY3DYcJbTobDEc,TRON,included,tron_negative_sampling,2026-09-23T05:15:47.505Z,"{""txCount"":274,""lastActiveAt"":1790078688000,""createdAt"":1761644244000}","{""usdtTxCount"":274,""observedAt"":1790078688000,""sampleAmount"":""20917.5""}",
TGE9ZWNMHY9AfiNcArRCyecN5mLXrvnCM2,TRON,included,tron_negative_sampling,2026-09-23T05:15:50.070Z,"{""txCount"":400,""lastActiveAt"":1790052699000,""createdAt"":1762620804000}","{""usdtTxCount"":400,""observedAt"":1790052699000,""sampleAmount"":""10669""}",
TGF34KLuiDfEuuDub4i6pkqbGxmbVnGWsB,TRON,included,tron_negative_sampling,2026-09-23T05:15:52.819Z,"{""txCount"":241,""lastActiveAt"":1777092330000,""createdAt"":1755053565000}","{""usdtTxCount"":241,""observedAt"":1777092330000,""sampleAmount"":""209""}",
TGFxzGNDtgRdzjnyKBGByxkSk2RsEWep3F,TRON,included,tron_negative_sampling,2026-09-23T05:15:55.302Z,"{""txCount"":47,""lastActiveAt"":1783099773000,""createdAt"":null}","{""usdtTxCount"":47,""observedAt"":1783099773000,""sampleAmount"":""138469.5""}",
TGLsJBJR6i6PmzuwzJTzXJszAx1ZnMuJdG,TRON,included,tron_negative_sampling,2026-09-23T05:15:57.819Z,"{""txCount"":2,""lastActiveAt"":1770722436000,""createdAt"":1770722415000}","{""usdtTxCount"":2,""observedAt"":1770722436000,""sampleAmount"":""3.001""}",
TGM7KfCYDYTVrND3trsj5wQn9hV4y8tmqP,TRON,included,tron_negative_sampling,2026-09-23T05:16:00.251Z,"{""txCount"":400,""lastActiveAt"":1789807227000,""createdAt"":1708523670000}","{""usdtTxCount"":400,""observedAt"":1789807227000,""sampleAmount"":""5045""}",
TGMe49h43kH5FJ8gi4iYcUmguR2D7aPL8j,TRON,included,tron_negative_sampling,2026-09-23T05:16:02.920Z,"{""txCount"":400,""lastActiveAt"":1771318995000,""createdAt"":1755586032000}","{""usdtTxCount"":400,""observedAt"":1771318995000,""sampleAmount"":""645""}",
TGNp8ETqz3FCwBHqSVfrpJN5bnNN9yP6z8,TRON,included,tron_negative_sampling,2026-09-23T05:16:05.302Z,"{""txCount"":2,""lastActiveAt"":1726904085000,""createdAt"":1726904037000}","{""usdtTxCount"":2,""observedAt"":1726904085000,""sampleAmount"":""0.50001""}",
TGQE3CpgszSiLtCpAsNF3S8asYkgGCQ7zc,TRON,included,tron_negative_sampling,2026-09-23T05:16:07.418Z,"{""txCount"":37,""lastActiveAt"":1774274628000,""createdAt"":1766871708000}","{""usdtTxCount"":37,""observedAt"":1774274628000,""sampleAmount"":""500""}",
TGTZii3atykShn7pvcQ5cjouta8J9yP6z8,TRON,included,tron_negative_sampling,2026-09-23T05:16:09.498Z,"{""txCount"":78,""lastActiveAt"":1786567911000,""createdAt"":1726421724000}","{""usdtTxCount"":78,""observedAt"":1786567911000,""sampleAmount"":""100""}",
TGUmd9PxMNbZ8vKqAA2S3ibu1gPMnMuJdG,TRON,included,tron_negative_sampling,2026-09-23T05:16:11.615Z,"{""txCount"":7,""lastActiveAt"":1786704186000,""createdAt"":1762815174000}","{""usdtTxCount"":7,""observedAt"":1786704186000,""sampleAmount"":""3000""}",
TGVzqPc2hnc1sjQpKQLFDcNLZHir9xZ24x,TRON,included,tron_negative_sampling,2026-09-23T05:16:13.818Z,"{""txCount"":400,""lastActiveAt"":1781798556000,""createdAt"":1747800687000}","{""usdtTxCount"":400,""observedAt"":1781798556000,""sampleAmount"":""25000""}",
TGWADnbBrG95yUfngqbyQrcckBYd9yP6z8,TRON,included,tron_negative_sampling,2026-09-23T05:16:16.952Z,"{""txCount"":2,""lastActiveAt"":1726904244000,""createdAt"":1726904226000}","{""usdtTxCount"":2,""observedAt"":1726904244000,""sampleAmount"":""0.70001""}",
TGYc9wxVAVP9LPvBnsNkCG1ab9yiHoJCgA,TRON,included,tron_negative_sampling,2026-09-23T05:16:19.011Z,"{""txCount"":400,""lastActiveAt"":1783681911000,""createdAt"":1730019180000}","{""usdtTxCount"":400,""observedAt"":1783681911000,""sampleAmount"":""469""}",
TGYwzn36EZVfRVnMZMVcsihHctHvkukANN,TRON,included,tron_negative_sampling,2026-09-23T05:16:23.217Z,"{""txCount"":90,""lastActiveAt"":1789303206000,""createdAt"":1773341517000}","{""usdtTxCount"":90,""observedAt"":1789303206000,""sampleAmount"":""50""}",
TGa2Myka3khbJ2pGMX6FCkCpye3NdjUiqR,TRON,included,tron_negative_sampling,2026-09-23T05:16:25.485Z,"{""txCount"":4,""lastActiveAt"":1770392166000,""createdAt"":1693127313000}","{""usdtTxCount"":4,""observedAt"":1770392166000,""sampleAmount"":""2332""}",
TGfkUZCfyMpowRRdGAHfREmjDqmhkEdczL,TRON,included,tron_negative_sampling,2026-09-23T05:16:27.484Z,"{""txCount"":400,""lastActiveAt"":1750676844000,""createdAt"":1724046489000}","{""usdtTxCount"":400,""observedAt"":1750676844000,""sampleAmount"":""10049.185983""}",
TGgZQfwWU3PoMEQvLvMkR4PyMpPP7ByVU9,TRON,included,tron_negative_sampling,2026-09-23T05:16:30.202Z,"{""txCount"":400,""lastActiveAt"":1788461109000,""createdAt"":1764239802000}","{""usdtTxCount"":400,""observedAt"":1788461109000,""sampleAmount"":""49996.598467""}",
TGirzPSAiB6MqyndopKDrgu3sBfh9wqNXb,TRON,included,tron_negative_sampling,2026-09-23T05:16:32.937Z,"{""txCount"":400,""lastActiveAt"":1774349028000,""createdAt"":1769403210000}","{""usdtTxCount"":400,""observedAt"":1774349028000,""sampleAmount"":""75000""}",
TGjQzfB65EtdeM1mub947qpiGnMDoUVZxu,TRON,excluded,tron_negative_sampling,2026-09-23T05:16:35.351Z,{},{},tronscan flag: high_risk (Tether: stablecoin blacklist)
TGm47bwQbnEnZfCaS7wWsF4gdKubSM3R1D,TRON,included,tron_negative_sampling,2026-09-23T05:16:36.738Z,"{""txCount"":139,""lastActiveAt"":1790028597000,""createdAt"":1766350209000}","{""usdtTxCount"":139,""observedAt"":1790028597000,""sampleAmount"":""31850""}",
TGo1b8MLMYqpt4vJ78SQBziDzhPrp58anB,TRON,included,tron_negative_sampling,2026-09-23T05:16:39.395Z,"{""txCount"":377,""lastActiveAt"":1778759430000,""createdAt"":1763392065000}","{""usdtTxCount"":377,""observedAt"":1778759430000,""sampleAmount"":""25""}",
TGofidywuNt9MMWt7MaUnTxATdeaW7f2md,TRON,included,tron_negative_sampling,2026-09-23T05:16:41.928Z,"{""txCount"":59,""lastActiveAt"":1771870473000,""createdAt"":1768036596000}","{""usdtTxCount"":59,""observedAt"":1771870473000,""sampleAmount"":""14898""}",
TGqgdSrbbQkXR5w8KASVeynPebTwWvUgBt,TRON,included,tron_negative_sampling,2026-09-23T05:16:44.333Z,"{""txCount"":400,""lastActiveAt"":1789748025000,""createdAt"":1678207776000}","{""usdtTxCount"":400,""observedAt"":1789748025000,""sampleAmount"":""377000""}",
TGsNFrgWfbGN2gX25Wcf8oTejtxtQkvmEx,TRON,excluded,tron_negative_sampling,2026-09-23T05:16:46.752Z,{},{},tronscan flag: high_risk (Tether: stablecoin blacklist)
TGwGQ3skkQqUdGo1gwuanXy6VCCgQceSAj,TRON,included,tron_negative_sampling,2026-09-23T05:16:48.268Z,"{""txCount"":400,""lastActiveAt"":1789983513000,""createdAt"":1730242827000}","{""usdtTxCount"":400,""observedAt"":1789983513000,""sampleAmount"":""1147""}",
TGwk1sPLJPnFN1ew31TkARtiqCveaTDnTh,TRON,included,tron_negative_sampling,2026-09-23T05:16:51.702Z,"{""txCount"":139,""lastActiveAt"":1789664586000,""createdAt"":1749720822000}","{""usdtTxCount"":139,""observedAt"":1789664586000,""sampleAmount"":""1200""}",
TGyNRqXfGd97tSEmaZ4j5yaD4YputmMa6u,TRON,included,tron_negative_sampling,2026-09-23T05:16:53.891Z,"{""txCount"":400,""lastActiveAt"":1782730884000,""createdAt"":1731333534000}","{""usdtTxCount"":400,""observedAt"":1782730884000,""sampleAmount"":""690""}",
TH59WH2xppDjPptiFXAv7ZdpXGNeLGkFpR,TRON,included,tron_negative_sampling,2026-09-23T05:16:56.363Z,"{""txCount"":400,""lastActiveAt"":1789413561000,""createdAt"":1698319650000}","{""usdtTxCount"":400,""observedAt"":1789413561000,""sampleAmount"":""22983""}",
TH59Wo3QJs24xywtZBbnL7fg3KbZLGkFpR,TRON,excluded,tron_negative_sampling,2026-09-23T05:16:59.101Z,{},{},tronscan flag: reported (Tronscan: fraud-transaction flag)
TH7hongeksMwqhZh1uQGgkA27anh4StjUd,TRON,included,tron_negative_sampling,2026-09-23T05:17:00.308Z,"{""txCount"":400,""lastActiveAt"":1776497463000,""createdAt"":1691672616000}","{""usdtTxCount"":400,""observedAt"":1776497463000,""sampleAmount"":""1985""}",
THAfJrecrkYESc893kULALSMix8xabuFN8,TRON,included,tron_negative_sampling,2026-09-23T05:17:02.934Z,"{""txCount"":17,""lastActiveAt"":1775336562000,""createdAt"":1772644572000}","{""usdtTxCount"":17,""observedAt"":1775336562000,""sampleAmount"":""19923""}",
THAshayJQhYy3HvrpwM8N77RWEB2ppYnRr,TRON,included,tron_negative_sampling,2026-09-23T05:17:05.068Z,"{""txCount"":400,""lastActiveAt"":1788560337000,""createdAt"":1722419592000}","{""usdtTxCount"":400,""observedAt"":1788560337000,""sampleAmount"":""1700""}",
THB6nTvTLBYzqW612EpPEgXsJSsGogHE3F,TRON,included,tron_negative_sampling,2026-09-23T05:17:08.635Z,"{""txCount"":36,""lastActiveAt"":1782519183000,""createdAt"":1782363066000}","{""usdtTxCount"":36,""observedAt"":1782519183000,""sampleAmount"":""42386""}",
THG3JS2G6BQCHnhX5E67DsaecMhotyAKjT,TRON,included,tron_negative_sampling,2026-09-23T05:17:10.568Z,"{""txCount"":2,""lastActiveAt"":1769437773000,""createdAt"":1769437764000}","{""usdtTxCount"":2,""observedAt"":1769437773000,""sampleAmount"":""1.51""}",
THGVHgtWBeM7aJZBYvrCwvBRN5JNfSyaqx,TRON,included,tron_negative_sampling,2026-09-23T05:17:12.618Z,"{""txCount"":15,""lastActiveAt"":1775846544000,""createdAt"":1773958737000}","{""usdtTxCount"":15,""observedAt"":1775846544000,""sampleAmount"":""2050""}",
THJCAYtf5nZFV9ADtiUqhoQMsXksDEBtD9,TRON,included,tron_negative_sampling,2026-09-23T05:17:14.802Z,"{""txCount"":10,""lastActiveAt"":1775955165000,""createdAt"":1764903510000}","{""usdtTxCount"":10,""observedAt"":1775955165000,""sampleAmount"":""2500""}",
THQexLJNRTSP5sdia3WCPX5SXEsQsDEuBN,TRON,included,tron_negative_sampling,2026-09-23T05:17:17.149Z,"{""txCount"":264,""lastActiveAt"":1769545818000,""createdAt"":1757603340000}","{""usdtTxCount"":264,""observedAt"":1769545818000,""sampleAmount"":""39100""}",
THT9MAA3BLqf55UCHNaVoVajkCdWc8oLwa,TRON,included,tron_negative_sampling,2026-09-23T05:17:19.934Z,"{""txCount"":400,""lastActiveAt"":1787511963000,""createdAt"":1742136159000}","{""usdtTxCount"":400,""observedAt"":1787511963000,""sampleAmount"":""6214""}",
THTfhNbkzR4GAS9gRPVk4nibAUqmLWhfSg,TRON,included,tron_negative_sampling,2026-09-23T05:17:22.575Z,"{""txCount"":85,""lastActiveAt"":1771325790000,""createdAt"":1769870787000}","{""usdtTxCount"":85,""observedAt"":1771325790000,""sampleAmount"":""1232613.37194""}",
THTfhmFKJV94xeDV9dsv6dmbY891LWhfSg,TRON,included,tron_negative_sampling,2026-09-23T05:17:25.069Z,"{""txCount"":14,""lastActiveAt"":1771318527000,""createdAt"":1770637827000}","{""usdtTxCount"":14,""observedAt"":1771318527000,""sampleAmount"":""4.00001""}",
THXweeYoN1E3YToivR88QzoHj3TuXekuoJ,TRON,included,tron_negative_sampling,2026-09-23T05:17:27.846Z,"{""txCount"":2,""lastActiveAt"":1776967107000,""createdAt"":1776967095000}","{""usdtTxCount"":2,""observedAt"":1776967107000,""sampleAmount"":""0.6486""}",
THZAEHy2p2omNSKcxtiB14FA3pzNoW5WjP,TRON,included,tron_negative_sampling,2026-09-23T05:17:29.783Z,"{""txCount"":277,""lastActiveAt"":1790135703000,""createdAt"":1764256848000}","{""usdtTxCount"":277,""observedAt"":1790135703000,""sampleAmount"":""32500""}",
THaUFaDiE2VG1kX8DAhaXqSrxwhi4gBnyc,TRON,included,tron_negative_sampling,2026-09-23T05:17:32.646Z,"{""txCount"":250,""lastActiveAt"":1786251309000,""createdAt"":1767311508000}","{""usdtTxCount"":250,""observedAt"":1786251309000,""sampleAmount"":""48420""}",
THaUoLLM7srtTA9KcUHTrUq1TRsSEBWhCG,TRON,included,tron_negative_sampling,2026-09-23T05:17:35.285Z,"{""txCount"":15,""lastActiveAt"":1772147829000,""createdAt"":1760059572000}","{""usdtTxCount"":15,""observedAt"":1772147829000,""sampleAmount"":""20144.729119""}",
THamHsXHzpNAEvx2Qd6YyhiFxmGNU6F9io,TRON,included,tron_negative_sampling,2026-09-23T05:17:37.499Z,"{""txCount"":400,""lastActiveAt"":1764058419000,""createdAt"":1752901617000}","{""usdtTxCount"":400,""observedAt"":1764058419000,""sampleAmount"":""32982.402301""}",
THdVQbjvmjMZR2qqiBfKp4gGLM1soxHJnR,TRON,included,tron_negative_sampling,2026-09-23T05:17:40.467Z,"{""txCount"":400,""lastActiveAt"":1790087916000,""createdAt"":1761128181000}","{""usdtTxCount"":400,""observedAt"":1790087916000,""sampleAmount"":""3819""}",
THgT5igMDbSYTx22Xc9UGzsqkTDoRgXN2U,TRON,included,tron_negative_sampling,2026-09-23T05:17:42.751Z,"{""txCount"":6,""lastActiveAt"":1772774310000,""createdAt"":1770095013000}","{""usdtTxCount"":6,""observedAt"":1772774310000,""sampleAmount"":""1.00001""}",
THgT5ktuPkmauPS34cEfRVcJ2QpnRgXN2U,TRON,included,tron_negative_sampling,2026-09-23T05:17:44.640Z,"{""txCount"":6,""lastActiveAt"":1775266296000,""createdAt"":1770099003000}","{""usdtTxCount"":6,""observedAt"":1775266296000,""sampleAmount"":""1.54071""}",
THgT5ykKrNxvn3w5JcBKVu6JnDZeRgXN2U,TRON,included,tron_negative_sampling,2026-09-23T05:17:46.750Z,"{""txCount"":400,""lastActiveAt"":1780561203000,""createdAt"":1732072953000}","{""usdtTxCount"":400,""observedAt"":1780561203000,""sampleAmount"":""40000""}",
THhzqYncdM4phNcfFvDgQDsS8WXoCXvzjm,TRON,included,tron_negative_sampling,2026-09-23T05:17:49.480Z,"{""txCount"":56,""lastActiveAt"":1788273045000,""createdAt"":1753527216000}","{""usdtTxCount"":56,""observedAt"":1788273045000,""sampleAmount"":""3000""}",
THhzquHRVnRwXvEQnXi8xsPTUJngCXvzjm,TRON,included,tron_negative_sampling,2026-09-23T05:17:51.608Z,"{""txCount"":2,""lastActiveAt"":1769611680000,""createdAt"":1769611668000}","{""usdtTxCount"":2,""observedAt"":1769611680000,""sampleAmount"":""2.65901""}",
THj4mSf9A4vQi2AYUNeKPtUJF9ifUKu9VC,TRON,included,tron_negative_sampling,2026-09-23T05:17:54.030Z,"{""txCount"":38,""lastActiveAt"":1780535757000,""createdAt"":1773269850000}","{""usdtTxCount"":38,""observedAt"":1780535757000,""sampleAmount"":""105160""}",
THoEKjBQ3yVnN7euCsUCS7LDPsZMxpsBTd,TRON,included,tron_negative_sampling,2026-09-23T05:17:56.933Z,"{""txCount"":359,""lastActiveAt"":1774299393000,""createdAt"":1740853467000}","{""usdtTxCount"":359,""observedAt"":1774299393000,""sampleAmount"":""1""}",
THpJXuV5HF3Mf11jzRkJvb5HnPh5gJzGCn,TRON,included,tron_negative_sampling,2026-09-23T05:17:59.353Z,"{""txCount"":308,""lastActiveAt"":1774848258000,""createdAt"":1735861062000}","{""usdtTxCount"":308,""observedAt"":1774848258000,""sampleAmount"":""150353.165395""}",
THpJXuXeXN7kA9uxyt34PVKty9PWgJzGCn,TRON,included,tron_negative_sampling,2026-09-23T05:18:01.939Z,"{""txCount"":2,""lastActiveAt"":1768638279000,""createdAt"":1768638267000}","{""usdtTxCount"":2,""observedAt"":1768638279000,""sampleAmount"":""0.65001""}",
THsKxBwWKogMmk7kCueFU6xqjoxmgJzGCn,TRON,included,tron_negative_sampling,2026-09-23T05:18:04.205Z,"{""txCount"":2,""lastActiveAt"":1765407549000,""createdAt"":1765297284000}","{""usdtTxCount"":2,""observedAt"":1765407549000,""sampleAmount"":""0.63901""}",
THsUtdw7EhEXE7qMnHCbmfNzazVrSg6kpV,TRON,included,tron_negative_sampling,2026-09-23T05:18:06.250Z,"{""txCount"":400,""lastActiveAt"":1777020963000,""createdAt"":1761407835000}","{""usdtTxCount"":400,""observedAt"":1777020963000,""sampleAmount"":""470""}",
THtQ8AkW4VkkrTR2uRQWM3LkrNFe9iosD2,TRON,included,tron_negative_sampling,2026-09-23T05:18:09.148Z,"{""txCount"":400,""lastActiveAt"":1790098566000,""createdAt"":1778211612000}","{""usdtTxCount"":400,""observedAt"":1790098566000,""sampleAmount"":""300000""}",
THtQLKS4BZxZyyZnc6UTFDrBixhD9iosD2,TRON,excluded,tron_negative_sampling,2026-09-23T05:18:11.829Z,{},{},tronscan flag: reported (Tronscan: fraud-transaction flag)
THwJpHz51hx8JZ6nXUn3buarLpui9SeMbq,TRON,included,tron_negative_sampling,2026-09-23T05:18:13.208Z,"{""txCount"":6,""lastActiveAt"":1771628940000,""createdAt"":1771628694000}","{""usdtTxCount"":6,""observedAt"":1771628940000,""sampleAmount"":""199994.234291""}",
THwVCFuT3nQcNHWgqTqP25DqcHK4aDonsw,TRON,included,tron_negative_sampling,2026-09-23T05:18:15.373Z,"{""txCount"":22,""lastActiveAt"":1766055681000,""createdAt"":1692379110000}","{""usdtTxCount"":22,""observedAt"":1766055681000,""sampleAmount"":""16452""}",
THxo11xQS1s43URnjwvQoRBrHDCDPSWP5X,TRON,included,tron_negative_sampling,2026-09-23T05:18:17.416Z,"{""txCount"":400,""lastActiveAt"":1771156470000,""createdAt"":1760258145000}","{""usdtTxCount"":400,""observedAt"":1771156470000,""sampleAmount"":""6946.160347""}",
THxo12YQUMden3RDCwJTyVgC9mu4PSWP5X,TRON,included,tron_negative_sampling,2026-09-23T05:18:19.859Z,"{""txCount"":14,""lastActiveAt"":1770030000000,""createdAt"":1766834871000}","{""usdtTxCount"":14,""observedAt"":1770030000000,""sampleAmount"":""1.2961""}",
THxo1s3jWaY569Xc7R2QtDViuCm5PSWP5X,TRON,included,tron_negative_sampling,2026-09-23T05:18:21.934Z,"{""txCount"":16,""lastActiveAt"":1771065756000,""createdAt"":1763366871000}","{""usdtTxCount"":16,""observedAt"":1771065756000,""sampleAmount"":""2.0001""}",
THzb4K2mh4T4EjFksMu4JqgF6CkJW6o7K5,TRON,included,tron_negative_sampling,2026-09-23T05:18:24.655Z,"{""txCount"":2,""lastActiveAt"":1763567061000,""createdAt"":1763567049000}","{""usdtTxCount"":2,""observedAt"":1763567061000,""sampleAmount"":""1.38006""}",
THzbg9SHsGwEG5sGUHs4HiN5vpD7W6o7K5,TRON,included,tron_negative_sampling,2026-09-23T05:18:27.072Z,"{""txCount"":400,""lastActiveAt"":1773384492000,""createdAt"":1757088279000}","{""usdtTxCount"":400,""observedAt"":1773384492000,""sampleAmount"":""73865""}",
THzbgSgkUEgDoJoEEeM15FvGP8v3W6o7K5,TRON,included,tron_negative_sampling,2026-09-23T05:18:29.769Z,"{""txCount"":36,""lastActiveAt"":1769530896000,""createdAt"":1760721537000}","{""usdtTxCount"":36,""observedAt"":1769530896000,""sampleAmount"":""1.335399""}",
THzbgSyHS3RMfWJjPZxCWXkJqLzrW6o7K5,TRON,included,tron_negative_sampling,2026-09-23T05:18:32.225Z,"{""txCount"":4,""lastActiveAt"":1765197057000,""createdAt"":1762614951000}","{""usdtTxCount"":4,""observedAt"":1765197057000,""sampleAmount"":""0.900141""}",
TJ2YBuWMskYnXVkPcDn1mTBFppmsXekuoJ,TRON,included,tron_negative_sampling,2026-09-23T05:18:34.342Z,"{""txCount"":47,""lastActiveAt"":1776885318000,""createdAt"":null}","{""usdtTxCount"":47,""observedAt"":1776885318000,""sampleAmount"":""126121""}",
TJ2iVoqa18Zbs7eAmEfXzQXL2aj1U5TBaT,TRON,included,tron_negative_sampling,2026-09-23T05:18:36.361Z,"{""txCount"":400,""lastActiveAt"":1760098839000,""createdAt"":1668061446000}","{""usdtTxCount"":400,""observedAt"":1760098839000,""sampleAmount"":""64255""}",
TJ3hRDhwbhLi5ZeXasMaSKtiKr5JWKog6T,TRON,included,tron_negative_sampling,2026-09-23T05:18:38.765Z,"{""txCount"":290,""lastActiveAt"":1790022006000,""createdAt"":1766715690000}","{""usdtTxCount"":290,""observedAt"":1790022006000,""sampleAmount"":""2500""}",
TJ3hRJdNazq2m4aEB8wCuwkfu48PWKog6T,TRON,included,tron_negative_sampling,2026-09-23T05:18:41.089Z,"{""txCount"":4,""lastActiveAt"":1775293185000,""createdAt"":1770732156000}","{""usdtTxCount"":4,""observedAt"":1775293185000,""sampleAmount"":""1.1""}",
TJ5usJLLwjwn7Pw3TPbdzreG7dvgKzfQ5y,TRON,excluded,tron_negative_sampling,2026-09-23T05:18:43.083Z,{},{},tronscan flag: exchange_associated (Binance-Hot 9)
TJ6644FjRYf6JHW2DnpthxQSCUcXxyaaT8,TRON,included,tron_negative_sampling,2026-09-23T05:18:44.461Z,"{""txCount"":57,""lastActiveAt"":1778103930000,""createdAt"":1767393441000}","{""usdtTxCount"":57,""observedAt"":1778103930000,""sampleAmount"":""100000""}",
TJ664HyzNxp8Bnn5xsdx2D6hjArhxyaaT8,TRON,included,tron_negative_sampling,2026-09-23T05:18:46.810Z,"{""txCount"":4,""lastActiveAt"":1769690229000,""createdAt"":1769649741000}","{""usdtTxCount"":4,""observedAt"":1769690229000,""sampleAmount"":""1.50001""}",
TJ664XotkGw2MBxhd9YZkZHpjeQ1xyaaT8,TRON,included,tron_negative_sampling,2026-09-23T05:18:48.748Z,"{""txCount"":4,""lastActiveAt"":1769139633000,""createdAt"":1769001453000}","{""usdtTxCount"":4,""observedAt"":1769139633000,""sampleAmount"":""2.50009""}",
TJ71uaQ8oQKpGbFVkr8Pcw8rm33tNyZZs9,TRON,excluded,tron_negative_sampling,2026-09-23T05:18:50.898Z,{},{},tronscan flag: reported (Tronscan: fraud-transaction flag)
TJ9U4xR2b1StdjMU1JAFnYJ9trabMvvSNa,TRON,included,tron_negative_sampling,2026-09-23T05:18:52.027Z,"{""txCount"":2,""lastActiveAt"":1740687846000,""createdAt"":1740687837000}","{""usdtTxCount"":2,""observedAt"":1740687846000,""sampleAmount"":""0.051""}",
TJA9FRqauCHszyFg1s7kJNQtGL3fmw1Aw4,TRON,included,tron_negative_sampling,2026-09-23T05:18:54.832Z,"{""txCount"":13,""lastActiveAt"":1775772684000,""createdAt"":1773105417000}","{""usdtTxCount"":13,""observedAt"":1775772684000,""sampleAmount"":""220248""}",
TJDENsfBJs4RFETt1X1W8wMDc8M5XnJhCe,TRON,excluded,tron_negative_sampling,2026-09-23T05:18:56.761Z,{},{},tronscan flag: exchange_associated (Binance-Hot 6)
TJL6c9J9KE4NkwkbbRRFQQnM3CuomvsgSc,TRON,included,tron_negative_sampling,2026-09-23T05:18:58.128Z,"{""txCount"":17,""lastActiveAt"":1782882186000,""createdAt"":1782711534000}","{""usdtTxCount"":17,""observedAt"":1782882186000,""sampleAmount"":""213.41""}",
TJP6TKxMxyc4GrgZzC6AKPboyKbKBCqfFv,TRON,included,tron_negative_sampling,2026-09-23T05:19:01.127Z,"{""txCount"":126,""lastActiveAt"":1772217507000,""createdAt"":1767447513000}","{""usdtTxCount"":126,""observedAt"":1772217507000,""sampleAmount"":""95123.99""}",
TJUahW5NSGdRj35iC9nCD69ZzZJbJ7won9,TRON,included,tron_negative_sampling,2026-09-23T05:19:03.548Z,"{""txCount"":81,""lastActiveAt"":1789986210000,""createdAt"":1771488174000}","{""usdtTxCount"":81,""observedAt"":1789986210000,""sampleAmount"":""20000""}",
TJWL2yXwbDcGscbx9qHCuQ6pKYcrh5WE5Q,TRON,included,tron_negative_sampling,2026-09-23T05:19:05.942Z,"{""txCount"":45,""lastActiveAt"":1780674669000,""createdAt"":1769430177000}","{""usdtTxCount"":45,""observedAt"":1780674669000,""sampleAmount"":""149900""}",
TJYwzrsE3gsRDN5WE3vb1Gfxt5vVYpN1Zb,TRON,included,tron_negative_sampling,2026-09-23T05:19:08.139Z,"{""txCount"":400,""lastActiveAt"":1750676700000,""createdAt"":1714033752000}","{""usdtTxCount"":400,""observedAt"":1750676700000,""sampleAmount"":""185.7""}",
